title,genres,image,description,youtube_url,published_year,actors,director
มนต์รักลูกทุ่ง,"คอมเมดี้, โรแมนติก",,"มนต์รักลูกทุ่ง เป็นภาพยนตร์ไทยที่สร้างมาจากบทประพันธ์เรื่อง ""มนต์รักลูกทุ่ง"" ของ รังสี ทัศนพยัคฆ์ โดยใช้นามแฝงว่า ""มหศักดิ์ สารากร"" โดยมิตร ชัยบัญชา มีส่วนร่วมในเนื้อเรื่องด้วย คู่พระ-นาง คือไอ้คล้าว กับ ทองกวาว รับบทโดย มิตร ชัยบัญชา กับเพชรา เชาวราษฎร์ ส่วนคู่รอง คือแว่น กับบุปผา รับบทโดย ศรีไพร ใจพระ กับบุปผา สายชล",0TDEMqr94-M,,,
ขุนศึก,"ดราม่า, แอ็คชั่น, ผจญภัย ",,"""ไอ้เสมา""ช่างตีเหล็กหนุ่มที่มีฝีมือทั้งในเชิงช่างและการรบ เขาตั้งใจจะเข้าเป็นทหารแต่ก็ต้องผ่านการพิสูจน์อะไรหลายอย่าง",tdM-_aLt2Ic,,,
เมนูของพ่อ,อาหาร,,ในการแข่งขันทำอาหารรายการหนึ่ง มีผู้ผ่านเข้ารอบ 3 คน โดยแต่ละคนก็ผ่านอะไรมาหลายอย่างกว่าที่จะมายืนอยู่ตรงจุดนี้ได้ ,HQmW2tpi6zo,,,
ยายสั่งมาใหญ่,"ดราม่า, คอมเมดี้",,ความสนุกสนานของสองพี่น้องที่มีความต่างกันอย่างสุดๆแต่ก็นำมาซึ่งความสนุกสนาน,38sX7i98yek,,,
โลงจำนำ,"ระทึกขวัญ, สยองขวัญ",,"เหตุการณ์แปลกประหลาดเกิดขึ้น เมื่อ ""หนึ่ง"" ตัดสินใจจำนำตัวเอง เพื่อหาเงินมาช่วยครอบครัว อะไร??จะเกิดขึ้นกับเขา",h2k82XG18kY,,,
นางตะเคียน,"ระทึกขวัญ, สยองขวัญ",,เรื่องราวของสาวคนหนึ่งที่ชื่อ ใยบัว เป็นสาวบ้านนอกเข้ากรุงมาหางานทำในเมืองหลวงในอาชีพสาวโรงงาน จนได้มารู้จักกับหนุ่มหล่อคนหนึ่ง ทั้งสองคนรักกันมาก คบกันสักพักจนตกลงมีอะไรกันในที่สุด มันคงจะไม่มีเรื่องอะไรถ้าฝ่ายชายไม่หยิบมือถือขึ้นมาถ่ายคลิประหว่างมีเซ็กส์  เพื่อเอาไปอวดเพื่อนที่ทำงาน อวดไปอวดมา..จนคลิปหลุดเผยแพร่ไปทั่ว!! ทราบเรื่องไปถึงแฟนสาวใยบัว ใยบัวเครียดมาก อับอายและโกรธแฟนเป็นที่สุด ซึมเศร้าอย่างแรง อีกทั้งโรงงานยังปิดตัวทำให้ต้องตกงานกะทันหัน ใยบัวทนรับความเสียใจไม่ไหวเลยหอบผ้าหอบผ่อนกลับบ้านตัวเองที่ต่างจังหวัดเพื่อไปอาศัยทำใจกับครอบครัว กลับไปบ้านแทนที่จะสบายอกสบายใจก็ต้องมาช็อกอีกรอบเพราะพ่อแม่และน้องสาวก็เสียชีวิตไปหมดแล้ว ตอนนี้ใยบัวเหลือแค่ตัวคนเดียว ไร้ซึ่งทางออกเลยตัดสินใจเอาเชือกไปผูกคอตายใต้ต้นตะเคียนหลังวัด กลายเป็นผีตายโหงหลอกหลอนผู้คนในหมู่บ้านจนขนหัวลุก,4yzkWjDvgJw,,,
ชอบกด Like ใช่กด Love ,"คอมเมดี้, โรแมนติก",,"""ชอบกด LIKE ใช่กด LOVE"" เรื่องราวความรักในยุค facebook เบ่งบาน...เชื่อไหมว่า ทุกอย่างที่ผ่านเข้ามาในชีวิตแล้วมาตกอยู่ตรงหน้าคุณนี่...จะต้องมีเรื่องของการตัดสินใจ ""เลือก"" บางสิ่งที่เหมาะกับตัวคุณเสมอ เช่น ตั้งแต่ตื่นเช้าขึ้นมา..ตัดสินใจว่าจะลุกขึ้นจากเตียงเลยหรือนอนต่อดี...อาบน้ำแล้ว..จะใส่เสื้อผ้า รองเท้าคู่ไหนดีนะ..จะขึ้นรถเมล์ไปทำงานหรือไปด้วยแท๊กซี่ดี ฯลฯ ....ดูมันอาจจะเป็นเรื่องง่ายๆ ที่คุณอาจจะบอกว่าไม่เห็นมีอะไรต้องคิดมากเลย ...ซึ่งมันคือความเคยชิน หรือบางทีการกระทำบางอย่างที่ทำไปโดยอัตโนมัติตามความรู้สึกของแต่ละคน นั่นก็คือการออกแบบทางเลือกของเราไว้ล่วงหน้า หรือเรามีประสบการณ์นั้นๆ มาแล้ว จึงเลือกในสิ่งที่ดีที่สุดสำหรับตัวเอง...แต่ทั้งหมดคือการตัดสินใจที่จะเลือกในแบบของคุณเองแล้วนะ",neqhXolXiaI,,,
บ้านผีปอบ 2008,คอมเมดี้,,"ปอบหยิบกลับมาอีกครั้ง จากการปลุกขึ้นมาของหมอคล้าย (กลศ อัทธเสรี) สร้างความอลหม่านให้ชาวบ้านไปทั่วในรอบ 14 ปี ภาคนี้นับเป็นภาคที่ 14 ของ Series บ้านผีปอบ, กล้วยเชิญยิ้ม กลับมาแสดงอีกครั้ง, รวิช ไรวินท์ แจ็ค เชิญยิ้ม และ สมเจต พยัฆโส ร่วมแสดงอยู่ในแก๊งค์วิ่งหนีผีปอบด้วย
",a68N2257JJI,,,
บุปผาราตรี 1,"ระทึกขวัญ, สยองขวัญ, คอมเมดี้",,เจ๊สี่ เจ้าของกิจการอพาร์ทเมนท์ ที่มีธุรกิจเข้าทรงเป็นอาชีพเสริม พออยู่มาวันหนึ่ง อพาร์ทเมนท์ของเจ๊สี่เกิดมีผีสาวปรากฏกายขึ้น จนเป็นที่หวาดผวาต่อบรรดาผู้เช่าห้องพักทั้งหลาย ร้อนถึงเจ๊สี่ ที่ต้องตามหมอผีที่ว่าเก่งมากำจัด แต่ก็ยังโดนผีสาวเล่นงานจนเตลิดเปิดเปิง สร้างความหวาดผวาต่อผู้เช่าอพาร์เมนท์ที่เหลือเป็นอย่างยิ่ง เป็นผลให้กิจการห้องเช่าของเจ๊สี่ทำท่าจะไปไม่รอด,93kXpqXB-aY,,,
บุปผาราตรี 2,"ระทึกขวัญ, สยองขวัญ, คอมเมดี้",,พวกโจรออกค้นหาทุกซอกทุกมุมในอพาร์ทเมนต์ เหลืออยู่แต่เพียงชั้น 6 ที่เจ้าของอพาร์ทเมนต์ปิดตายไว้ห้ามไม่ให้ใครเข้า โจรทั้งสี่ไม่ฟังคำเตือน ออกค้นหาเงินในชั้น 6 จนได้พบว่าเงินซ่อนอยู่ในห้อง 609 แต่พวกเขาก็ไม่สามารถนำเงินออกจากห้องนั้นได้เพราะถูกผีเจ้าของห้องออกมาหลอกหลอน โจรทั้งสี่จึงต้องคิดหาวิธีเอาเงินออกจากห้อง 609 ให้เร็วที่สุดเท่าที่จะทำได้ แม้จะกลัวผีเพียงไรก็ตาม ขณะเดียวกัน ตำรวจก็เริ่มระแคะระคาย แกะรอยโจรทั้งสี่มาถึงอพาร์ทเมนต์แล้ว...,Cl-rVDP03Cw,,,
ฟัด จัง โตะ,"คอมเมดี้, โรแมนติก",,ก๊อป (ปกรณ์ ฉัตรบริรักษ์) ผู้ชายห่วย ๆ ที่ทำอะไรไม่ค่อยได้เรื่องได้ราวซักเท่าไหร่ มีอาชีพเป็นนักออกแบบผลิตภัณฑ์ ที่มักจะมีไอเดียไม่ได้เรื่องไปเสนอเจ้านายอยู่บ่อย ๆ เวลาที่รู้สึกแย่ ๆ ก็ต้องการใครซักคนที่จะมาช่วยฟังปัญหาของเขา แก๊ป (อริย์กันตา มหาพฤกษ์พงศ์) หญิงสาวที่ชอบพูดแต่เรื่องของตัวเอง ไม่ค่อยฟังใคร ชอบพูดจาเอะอะโวยวาย มีอาชีพเป็นแดนเซอร์ และมีความใฝ่ฝันว่าครั้งหนึ่งจะต้องไปเหยียบแผ่นดินญี่ปุ่น แก๊ป ชอบทุกสิ่งที่เป็นญี่ปุ่น ฟังเพลงญี่ปุ่น อ่านการ์ตูนญี่ปุ่น และกินอาหารญี่ปุ่น พอรู้ข่าวว่ามีการชิงโชคไพรเวททัวร์ไปคู่เดียวเที่ยวญี่ปุ่น แก๊ป เลยไม่รอช้าที่จะล่ารางวัล,5AH7iZE8BbE,,,
สุดเขตสเล็ดเป็ด,"คอมเมดี้, โรแมนติก",,สุดเขต (อารักษ์ อมรศุภศิริ) ชายหนุ่มหน้าตาธรรมดาที่นิสัยไม่ธรรมดา ชอบทำตามความต้องการของตัวเอง ไม่ต้องการพื้นที่ในสังคม มะยม (รมิดา มหาพฤกษ์พงศ์) สาวหมวยหน้าตาธรรมดา ชอบทำตัวน่ารัก และบริหารเสน่ห์ให้หนุ่มๆ รอบตัวเสมอ ทั้งคู่มาเจอกันบนความต่างที่แสนจะลงตัว,qZBhrChkhZk,,,
โจหัวแตงโม,"อาชญากรรม, คอมเมดี้",,โจ และหัวแตงโม รับบทโดย เก้า จิรายุ กำเนิดขึ้นในโลกออนไลน์เพราะความต้องการอยากรู้ว่าตัวจริง ๆ ของ user ที่เข้ามาเกี่ยวข้องกับเขานั้นเป็นใคร เขามีวิธีสืบโดยใช้ username หัวแตงโม ซึ่งเป็นภาพกราฟิกสามมิติที่ถูกสร้างขึ้นมาเป็นร่างอวตาร สืบจากเพื่อนของเป้าหมาย แล้วก็เพื่อนของเป้าหมาย แล้วก็เพื่อนของเพื่อนเป้าหมายเพื่อหาที่อยู่ในโลกออนไลน์ จากนั้น…ก็จะนำไปเปรียบเทียบกับที่อยู่จริง ก็จะรู้ว่าใครคือผู้ใช้ตัวจริง และอยู่ที่ไหน เพราะเขามีความสามารถพิเศษที่จะทะลุจากเพจหนึ่ง ไปอีกเพจหนึ่งได้ ในโลกจริงก็มีทั้งคนดีและคนไม่ดี ในโลกออนไลน์ก็เช่นกัน ซึ่งในตัวอย่างหนัง โจหัวแตงโม คุณจะได้รู้จักกับ “มือตบ สุดจี๊ด หน้าตาย” นักเลงออนไลน์อาชีพใหม่ของโลกออนไลน์ รับบทโดย บู้ SLUR ธนันต์ บุญญธนาภิวัฒน์ มือเบสฮิปสเตอร์จากวงดนตรีขวัญใจวัยรุ่นเมืองไทย ซึ่งเป็นงานแสดงครั้งแรกของนักดนตรีตัวเล็ก แต่ความสามารถเกินตัวคนนี้ ฤทธิ์เดชของเขาในโลกออนไลน์นั้นน่าเกรงขาม หากได้รับการว่าจ้างให้ไป “ตบ” ในโลกออนไลน์ รับรองได้ว่าคนนั้นเจ็บหนักแน่นอน จะมีวิธีตบสุดจี๊ดแค่ไหน ต้องรอติดตามจ้า,nx8YccbNwUw,,,
สาปซ่อนศพ,สยองขวัญ,,เรื่องราวของ เอก (เกรท ณธัช) และป่าน (บี พัชราวรรณ) สามีภรรยาคู่หนึ่งได้เข้ามาอยู่ที่บ้านพักต่างจังหวัด ด้วยหวังจะปลีกตัวเองออกจากความวุ่นวาย ของสังคมเมือง และรักษาสภาพจิตใจของแฟนสาวจากอาการแท้งลูก แต่ทั้งสองกับเจอเรื่องแปลก ๆ ตลอดเวลาภายในบ้านหลังนั้น แต่ เอก กลับไม่เชื่อในสิ่งที่เกิดขึ้น เขาพยายามหาที่มาที่ไปของเรื่องที่เกิดขึ้นภายในบ้านพักของตัวเอง ขณะที่เอกกับป่านกำลังเผชิญอยู่กับความเร้นลับ เอกก็ได้รับการติดต่อจาก ต่อ (ปาโก๋ อธิวัฒน์) เพื่อนสนิทของคนทั้งสองที่กำลัง มีปัญหากับ ทิพย์ (ตวง สาวิกา) แฟนสาวที่เอาแต่ใจ และเธอได้ตัดสินใจฆ่าตัวตาย ทำให้ต่อสับสนกับเรื่องที่ตัวเองเผชิญอยู่ โดยที่เขาไม่รู้ เลยว่า การฆ่าตัวตายของแฟนสาวนั้นเป็นการแกล้งเพื่อเรียกร้องความสนใจจาก ต่อ เท่านั้น,EZ6NTBbdcuw,,,
Fidelity - เลนา มโนนัก รักติดหล่ม,"ดราม่า, อีโรติก",,เลน่า (อีฟเจนิยา โกรโมวา) สูตินรีแพทย์ที่ประสบความสำเร็จในชีวิต หากแต่กลับรู้สึกว่าชีวิตรักของเธอมีปัญหา เมื่อเธอสงสัยว่าแฟนหนุ่มอาจสานสัมพันธ์หญิงอื่น ความสับสนที่เกิดขึ้น จึงทำให้เธอตัดสินใจ แก้แค้นด้วยการสานสัมพันธ์สวาทกับผู้ชายไม่เลือกหน้า และนั้นคือจุดเริ่มต้นของเรื่องรักชุลมุนของผู้หญิงหัวใจเตลิด,a9lYIcdhvFk,,,
กากีสหัสวรรษ,อาชญากรรม,,"กากี สหัสวรรษ : พบกับหญิง จุฬาลักษณ์ กับบทบาท ร้อน...และ...แรง ที่สุดในชีวิต ตัณหา...ราคะ...เลือด...ความตาย!!! บทสรุปสุดท้ายแห่งชีวิต ความสวย...เซ็กซี่ ทำให้เธอมีชีวิตที่สูงส่งบนกองเงินกองทอง... ดูราวกับว่าเธอคือความใฝ่ฝันของหญิงสาวหลายคนที่คิดอยากจะมี ... แต่สิ่งนั้นเอง...กลับเป็นสิ่งที่ทำลายชีวิต..ของเธอ ผิดด้วยหรือ? ที่เธอกลายเป็นสิ่งหมายปองของทุกชายที่พบเจอ ผิดด้วยหรือ? ที่ชายทุกคนหลงใหล...ช่วงชิงเธอ ฟ้า กำหนด ... โศกนาฏกรรมแห่งรัก โชคชะตานำเธอให้พบเจอกับสิ่งร้ายๆ เพียงสิ่งเดียวที่จะหยุดยั้งเรื่องราวของเธอและพวกเขาได้ คือ ""ชีวิต""",pZ8QrhR0yrM,,,
Yes or No 1 อยากรัก ก็รักเลย,โรแมนติก,,Yes or No อยากรัก ก็รักเลย แสดงให้เห็นถึงการเปลี่ยนไปของตัวละครทีละขั้นและยอมรับการเปลี่ยนแปลงนั้นโดยตัวละครและคนรอบข้าง เดิมพายและแม่เกลียดทอม ส่วนคิมก็ไม่เคยชอบใครไม่ว่าหญิงหรือชาย เมื่อทั้งสองคนได้มาเป็นเพื่อนร่วมห้องพักกัน ความสัมพันธ์ก็พัฒนาไปเป็นลำดับ ขณะที่มีพี่แวนมาจีบพายและเจนมาจีบคิม คิมและพายต้องค้นหาตัวเองและฝ่าฟันอุปสรรคในบริบทของสังคมไทยเพื่อให้ได้มาซึ่งความรักที่ตนเองต้องการ จนในที่สุดสองคนก็รักกันและคบกันอย่างเปิดเผยโดยที่สังคมรอบข้างและคนใกล้ตัวรับรู้,k1S1FKR1CsY,,,
Yes or No 2 รักไม่รักอย่ากั๊กเลย,โรแมนติก,,ในวันครบรอบการเป็นแฟนกันหนึ่งปี พายและคิมมอบของให้แก่กันและกัน พายให้ขนมกับคิม คิมให้จี้รูปผีเสื้อกับพาย มีข้อความอยู่ข้างในแต่คิมมิให้เปิดจนกว่าจะถึงวันที่พายไม่รักคิมแล้ว พายบอกว่าจะไม่มีวันจะได้เปิดมันแน่นอน,BdsE4fG-Akw,,,
Yes or No 2.5 กลับมา เพื่อรักเธอ,โรแมนติก,,Yes or No 2.5 กลับมา เพื่อรักเธอ คือเรื่องราวของสองสาวหล่อเพื่อนซี้ ไวน์ ช่างภาพมาดเท่ และพี เชฟยอดฝีมือ (ติ๊นา ศุภนาฏ และนัน สุนันทา) กับความสัมพันธ์ของทั้งคู่ที่มีต่อสองสาวนักศึกษา พิม และฟ้า (ปีเก้ พิมพกานต์ และ),anTO_wQ5gQI,,,
ฟ้าใส ใจชื่นบาน,"คอมเมดี้, โรแมนติก",,"จากเหตุการณ์ 6 ตุลาคม พ.ศ. 2519 ทราย (ร่มฉัตร ขำศิริ) นักศึกษาสาวที่ต้องการเข้าไปช่วยเพื่อนที่มหาวิทยาลัยธรรมศาสตร์ถูกกันตัวออกมา เธอได้พบกับ ก้อง (พิชญะ วัชจิตพันธ์) กับพรรคพวก ได้แก่ จอบ (ค่อม ชวนชื่น) เสียม (อ่าง เถิดเทิง) และ คิด (ฝันดี จรรยาธนากร) ที่ปั๊มน้ำมัน วันหนึ่งก้องชวนเพื่อน ๆ เข้าป่าเพราะต้องการหนีจากชีวิตในเมือง หารู้ไม่เลยว่ากำลังเดินทางไปพร้อมกับพวกพรรคคอมมิวนิสต์แห่งประเทศไทย ก้องได้พบกับทราย ซึ่งบัดนี้กลายเป็น ""สหายเม็ดทราย"" ไปแล้ว ก้องและพวกจึงจำเป็นต้องแสร้งใช้ชีวิตอยู่ในป่าไปก่อน สหายเม็ดทรายนั้นชื่นชอบ สหายเที่ยง (สุรสิทธิ์ เอี่ยมโอภาสวงศ์) คอมมิวนิสต์หนุ่มผู้มีอุดมการณ์ ซึ่งต่างจากก้องและพรรคพวก และวันหนึ่งที่จอบและเสียมเผลอไปตัดเอาต้นข้าวเพราะคิดว่าเป็นหญ้าจนเหี้ยนหมด ทั้งหมดจึงต้องออกเดินทางไปขอเสบียงจากชาวบ้าน และที่นั่น ทำให้สหายเม็ดทรายได้ล่วงรู้ถึงความจริงว่า ความสุขที่แท้ของคนอยู่ที่ใจ หาใช่อุดมการณ์อะไรไม่",LpyX42anYD8,,,
เจ้าสาวผัดไทย,"คอมเมดี้, โรแมนติก",,เจ้าสาวผัดไทย เรื่องราวความรักของ เพชรา แม่ค้าผัดไทยในชุมชนร่วมใจ ที่อยู่ในสภาวะตกกระไดพลอยโจน ต้องเข้าร่วมเกมโชว์แข่งกินผัดไทย 100 วัน ชิงรางวัลเงินสด 1 ล้านบาท พร้อมความรักจากราชินีผัดไทยแม่ค้าคนสวย และในบรรดาผู้เข้าแข่งขัน มากหน้าหลายตาหลากเผ่าพันธุ์ มี สุระชาติ อาจารย์หนุ่มข้างบ้าน ที่ชาวชุมชนเต็มใจนำเสนอรวมอยู่ด้วย ส่วนคู่แข่งคนสำคัญของอาจารย์คือ สุรชาติ หนุ่มรูปหล่อแฟนเก่าของเพชรา ที่พยายามทุกวิถีทางไม่ให้ตนเองปราชัย และที่ขาดไม่ได้ คือเหล่าสมาชิกชุมชนร่วมใจระดับหัวแถว ที่คอยทั้งส่งใจและส่งแรง ช่วยเพชราไม่ขาดสาย,rOXUKNqmhcc,,,
เก๋าเกรียน,คอมเมดี้,,โรงแรมร้างที่หลอนผู้คนมายาวนานอยู่มาวันหนึ่งก็มีนักธุรกิจหัวใสคิดที่จะพัฒนาโครงการต่อ แต่เจ้าที่รวมทั้งวิญญาณเรร่อน ยังอยู่ ไม่ยอมไปไหน ปื๊ด(บอย AF3) ทายาทที่รับมรดก ที่กำลังตกอับในชีวิต อาศัยอยู่กับหลวงพ่อในวัด จึงหาทางกำจัดผีพวกนี้ออกไป,mLRefS5mL38,,,
คู่กรรม,"สงคราม, โรแมนติก, ดราม่า",,หลังจากประสบความสำเร็จอย่างสูงไปกับหนังโรแมนติกคอมเมดี้เรื่อง คุณนายโฮ ที่กวาดรายได้ไปกว่า 92 ล้านบาทแล้ว ค่ายหนัง M๓๙ ก็เตรียมส่งหนังใหม่ให้คอหนังชาวไทยได้ชมกันเดือนเมษายนนี้ ซึ่งครั้งนี้เป็นหนังรักดราม่าสุดคลาสสิคที่ชาวไทยรู้จักกันดีสำหรับเรื่อง คู่กรรม ซึ่ง M3 นำมาสร้างเป็นฉบับใหม่ล่าสุด นำแสดงโดยนักแสดงหนุ่มที่ฮ็อตที่สุดในยุคนี้อย่าง ณเดชน์ คูกิมิยะ รับบทเป็น โกโบริ และฝ่ายหญิงที่จะมารับบทอังศุมาลินก็คือนักแสดงสาวหน้าใหม่ อมราวดี ดีคาบาเลส คู่กรรม นั้นมีต้นฉบับเป็นนวนิยายแนวโศกนาฏกรรมและวีรคติ ประพันธ์โดย ทมยันตี เล่าเรื่องราวความรักระหว่างทหารชาวญี่ปุ่นและสาวไทยโดยมีฉากหลังในประเทศ ไทยสมัยสงครามโลกครั้งที่ 2 คู่กรรม เคยถูกนำมาสร้างเป็นละครโทรทัศน์และภาพยนตร์แล้วถึง 9 ครั้ง ก่อนจะกลายมาเป็นภาพยนตร์อีกครั้ง,5Dx-LZ4yKyw,,,
คุณนายโฮ,คอมเมดี้,,เด็กหญิงโฮ เด็กขี้แงที่มีความใฝ่ฝันมาตั้งแต่เด็กว่าอยากมีลูก เมื่อคุณครูถามนักเรียนในชั้นเรียนว่าโตขึ้นอยากเป็นอะไร เด็กหญิงโฮ ยกมือตอบอย่างมั่นใจว่าอยากมีลูก จนครูต้องบอกว่ารอให้โตขึ้นแล้วค่อยมี แต่นั่นยังไม่ทำให้ เด็กหญิงโฮ เสียใจร้องไห้ได้เท่ากับข่าวร้ายที่ได้ยินว่า แม่กับพี่สาว รถคว่ำตาย,pEG-DRrrfcU,,,
30 กำลังแจ๋ว,"ดราม่า, โรแมนติก",,"จ๋า (พัชราภา ไชยเชื้อ) สาวเอเจนซี่โมษณาวัยย่าง 30 กำลังแจ๋วไปซะทุกเรื่อง ทั้งรูปร่างหน้าตาที่แสนจะแจ่มเจิดจรัสเต็มดีกรี หน้าที่การงานกำลังไปได้สวย เธอมีไลฟ์สไตล์สุดเริ่ดกับการรับจัดปาร์ตี้เฮาส์แฮงเอ้าท์เฮฮากับเพื่อน ๆ และมีชีวิตรักสุดเปอร์เฟ็กต์กับ นภ (ปีเตอร์ คอร์ป ไดเรนดัล) กัปตันหนุ่มรูปงามที่บ่มความรักกันมาตั้ง 7 ปี ถึงมันจะย่างเลข 3 ในอีกไม่กี่วันนี้แล้ว แต่เธอช่างมีความสุขเหลือเกิน ช่วงเวลานี้ช่างเป็นเวลา ""30 กำลังแจ๋ว"" ของเธอจริง ๆ",H0radHjHfBU,,,
น้ำ ผีนองสยองขวัญ,"คอมเมดี้, สยองขวัญ",,"""เราจะไม่ทิ้งกันจนวันตาย"" นั่นคือคำสาบานระหว่างกลุ่มเพื่อนซี้นักกีฬาว่ายน้ำ ซึ่งประกอบไปด้วย เจน (ดิษยา กรกชมาศ), หมวย (ภัทราพร ศรียายาง), โบว์ (ปิ่นเกล้า นรารักษ์) และ มุก (อินทิรา เจริญปุระ) ก่อนจะเกิดเรื่องที่ไม่คาดฝันขึ้น เมื่อกลุ่มเพื่อนซี้ประสบอุบัติเหตุ จนทำให้ มุก ต้องผิดคำสาบาน และหวาดกลัวน้ำตั้งแต่นั้นเป็นต้นมา",U124ttHuZh0,,,
รักหมดแก้ว ,"คอมเมดี้, โรแมนติก",,ไฟเลี้ยว (น้ำหวาน พิไลพร) คิดเอาไว้ว่าการได้เป็นแฟนกับ บั๊กโจ้ (ปอนด์ ณปรัชญ์) นั้น จะทำให้ความรักของเธอโคตรชิล เหมือนนั่งจิบเบียร์เย็น ๆ ริมทะเลตอนพระอาทิตย์ตกดิน ไม่เร่งรีบ ไม่เรียกร้อง และไม่ผูกมัด ตามประสาชะนีอินดี้รักอิสระเหนือสิ่งอื่นใด ไฟเลี้ยววาดฝันไว้ว่าความรักที่ดีคือความรักที่ต่างฝ่ายต่างเว้นช่องว่างให้แก่กันและกัน ไม่ใกล้จนอึดอัดและไม่ไกลจนห่างเหิน เธอผ่านผู้ชายมาหลายคน ผิดหวังมาซ้ำซาก จนกระทั่งได้มาเจอกับบั๊กโจ้คนที่เหมือนจะใช่สุด ๆ บั๊กโจ้ เป็นหนุ่มตี๋หน้ามึนแสนอารมณ์ดี เจ้าของร้านเหล้าที่เหมือนเปิดไว้เป็นห้องรับแขกให้เพื่อน ๆ มาสังสรรค์ กะเอาฮาไม่หาผลกําไร เขาไม่เคยคิดจริงจังกับชีวิต เพราะคิดว่าอนาคตเป็นเรื่องอีกยาวไกล และเวลาก็เป็นทรัพยากรที่ใช้อย่างไรก็ไม่มีวันหมด,dnIo1v6E5Ds,,,
ฮาชิมะ โปรเจกต์ ไม่เชื่อต้องลบหลู่,สยองขวัญ,,นิก / อ๊อฟ / แนน / ด๊อก / เมย์ ทุกคนจบภาพยนตร์มาเหมือน ๆ กัน พวกเขาและเธอเป็นคนรุ่นใหม่ที่เชื่อมั่นในตัวเองมากๆ เพียงแต่ยังไม่มีใครมองเห็นความสามารถของพวกเขา จนเมื่อพวกเขาเอาคลิปที่ถ่ายกันเล่น ๆ มาเติมผีซีจีที่ทำกันเอง แล้วเอาไปโหลดลง YOUTUBE และคลิปผีปลอม ๆ ของพวกเขาเกิดเป็นกระแสฮือฮาฮ็อตฮิตอย่างรวดเร็ว ทำให้พวกเขาประสบความสำเร็จจนมีแฟนคลับคอยติดตามและกดไลค์ให้ เรียกว่าดังแค่ชั่วข้ามคืน หลังจากนั้นพวกเขาก็ได้รับการติดต่อจาก โปรดิวเซอร์รายการดัง GhostLand ซึ่งเป็นรายการพาไปค้นหาเรื่องราวลึกลับและความเชื่อที่วิทยาศาสตร์ยังพิสูจน์ไม่ได้ เสนอให้ทุกคนเดินทางไปถ่ายคลิปผีที่ ฮาชิมะ (Hashima) เมืองร้างบนเกาะหนึ่ง ที่นางาซากิ ญี่ปุ่น ซึ่งเป็นสถานที่ที่ได้รับการยอมรับว่าเป็นสถานที่หลอนมาก ๆ แห่งหนึ่งของโลกเพื่อมาออนแอร์ในรายการ,W0pKSP6A_uU,,,
I MISS U รักฉันอย่าคิดถึงฉัน,"โรแมนติก, สยองขวัญ",,บี (อภิญญา สกุลเจริญสุข) แพทย์สาวน้องใหม่ หน้าตาสะสวย เข้ามาทำงานในแผนกศัลยกรรมโรงพยาบาล โดยมี หมอธนา (เจษฎาภรณ์ ผลดี) เป็นที่ปรึกษา ทำให้เธอได้รับรู้เรื่องราวความรัก ลึกซึ้ง สวยงาม ระหว่างอาจารย์หมอหนุ่มรูปงาม หมอธนา กับแพทย์สาวสุดสวย หมอนก (วรัลชญาน์ จินดารักษ์วงศ์) ที่กลับกลายเป็นความเศร้า เพราะอุบัติเหตุได้คร่าชีวิตของ หมอนก ไปขณะที่ทั้งคู่กำลังจะแต่งงานใช้ชีวิตร่วมกัน หมอธนา กลายเป็นชายหนุ่มผู้มีความสุขอยู่กับความทรงจำเก่า ๆ แต่ก็ปนไปด้วยความทุกข์ใจเพราะจมอยู่กับความรักความคิดถึงในตัวคนรักที่ตายไป,6HBkiNMifbo,,,
BIG BOY | บิ๊กบอย,ดราม่า,,"โป้ (ธีรชัย วิมลชัยฤกษ์) เด็กปีหนึ่งของมหาวิทยาลัยมีชื่อทางตอนเหนือของประเทศ ทั้งชีวิตที่ผ่านมา จะมีดีก็เรื่องเดียวคือเรื่องเรียนเก่ง แต่เรื่องกิจกรรมทั้งหลายไม่เคยทำได้ พอถึงเวลาอีกไม่กี่เดือนที่ โป้ จะต้องย้ายตามพ่อแม่ไปเปิดร้านอาหารไทยที่อเมริกา โป้ มีความทะเยอทะยานครั้งใหม่ คือ การเต้นบีบอย เพราะไปปิ๊งหญิงชอบบีบอย
",bqXWUPJwI5s,,,
October Sonata | รักนี้ที่รอคอย,"ดราม่า, โรแมนติก",,เรื่องราวชีวิตรักของสาวโรงงานชื่อ แสงจันทร์ (รัชวิน วงศ์วิริยะ) มาถ่ายทอดบทบาทอันท้าทาย อย่างที่ไม่เคยทำในเรื่องใดมาก่อน กับหนุ่มหน้าตาดีซึ่งกำลังจะไปเรียนต่อเมืองนอก รวี (ธนวรรธน์ วรรธนะภูติ) ที่มาพบรักกันโดยบังเอิญ เมื่อวันที่ 8 ตุลาคม ในปี 2513 จากวันนั้นของทุกปี จึงกลายเป็นวันนัดพบ ณ บังกะโลริมทะเล ต่างฝ่ายต่างเฝ้ารอที่จะมาพบกัน โดยมีหนุ่มลูกครึ่งจีนชื่อ ลิ้ม (พิษณุ นิ่มสกุล) ซึ่งเปรียบเสมือนมือบุคคลที่สามที่เข้ามาเกี่ยวข้อง เพียงเพราะลิ้มเห็นเธอแล้วทำความรู้จัก สานสัมพันธ์ความรักด้วยความดี เรื่องราวความรัก ความซื่อสัตย์ การยึดมั่นในคำสัญญาจึงเกิดขึ้น เมื่อฝ่ายหนึ่งมองเห็นเป็นเพื่อน เพราะเธอมีเขาอีกคนอยู่แล้ว ขณะที่อีกฝ่ายถือเป็นรักแรกพบ,INDmN9gItbg,,,
ตุ๊กแกรักแป้งมาก,โรแมนติก,,"ภาพยนตร์ที่จะพาทุกคนย้อนอดีตกลับไปในยุคที่ผู้คนไม่ได้จำกัดตัวเองอยู่ในโลกออนไลน์ แต่มันคือยุคอันสดใสของหนุ่มสาวที่ให้ค่าของความรักมากกว่าความเกลียดชัง เรื่องราวของหนุ่มสาวในยุคดิสโก้เฟื่องฟูเล่าผ่านความทรงจำวัยเยาว์ของ เด็กชายตุ๊กแก (ณัฐพัชร์ นิมจิรวัฒน์) ที่ถูกเลี้ยงเเละเติบโตที่เมืองโบราณริมฝั่งโขงอำเภอเชียงคานจังหวัดเลย ตลอดชีวิตวัยเด็กของ ตุ๊กแก ได้ใช้ชีวิตคลุกคลีอยู่หลังโรงหนังช่วย ครูป๋อง วาดคัทเอ้าท์ให้โรงหนัง ""เพชรเชียงคาน"" จน ตุ๊กแก ได้สิทธิพิเศษจากลุงคนเฝ้าโรงหนัง นั่นก็คือการได้ดูหนังฟรีทุกเรื่องที่เข้ามาฉายในโรงหนังประจำอำเภอเเห่งนี้
",_XrnPtb0f2s,,,
ซุปเปอร์แหบ แสบสะบัด,"ดราม่า, คอมเมดี้",,,afP5SlezMYk,,,
แสบสนิท ศิษย์ส่ายหน้า,"คอมเมดี้, โรแมนติก",,แสบสนิท ศิษย์ส่ายหน้า หนังสนุกที่จะส่งคุณที่รักเข้านอนด้วยรอยยิ้มและเสียงหัวเราะ ไม่ต้องบรรยายอะไรกันมาสำหรับหนังเรื่องนี้ สนุก ขำ ฮากลิ้ง กันอย่างแน่นอน อากาศสบายๆไม่ต้องออกไปไหนนะคะ นอนกอดคนที่รักแล้วชวนมาดูหนังเรื่องนี้ด้วยกัน,jVPvEirNVyU,,,
ผีไม้จิ้มฟัน,"คอมเมดี้, สยองขวัญ",,ผีตะเคียน ผีนางไม้ ผีสยองน่ากลัวทั้งหลายแอดเชื่อว่าคุณคงเคยสัมผัสกันมาบ้างแล้ว แต่..ผีไม้จิ้มฟัน ถามจริงใครเคยเจอบ้าง วันนี้แอดเลยขอชวนคุณๆทั้งหลายมาสยองไปกับ “ผีไม้จิ้มฟัน” บอกเลยค่ะว่าทั้งฮา ทั้งน่ากลัว หนังมีดาราดังอย่าง “นก ฉัตรชัย” มารับบทผี มี “อี๊ด โปงลางสะออน” กับบท ควายน้อย(ชื่อคนนะคะ)วินขาซิ่งประจำซอยมาช่วยกันสร้างความสนุกให้กับคุณ,etee5KZSWvE,,,
ฮักแพง HugPang,"คอมเมดี้, โรแมนติก",,เรื่องราวความรักของหนุ่มสาวชาวบ้านไร่ ที่เต็มไปด้วยความสนุกสนานและการเดินทางตามหาความฝันของตัวเอง ที่มีทั้งความสุข เสียงหัวเราะและความอบอุ่น,fTt1S-6pcl0,,,
แกงค์ปรี๊ด จะรี๊ดใจเธอ,"โรแมนติก, วัยรุ่น",,"ภาพยนตร์แกงค์ปรี๊ด จะรี๊ดใจเธอเป็นเรื่องของแก็งค์ เด็กมัธยมที่รักการถ่ายทำภาพยนตร์เป็นชีวิตจิตใจซึ้งไปประกอบไปด้วย “โม, แว่น, เอ็ม, โก้ และหล่อ” กลุ่มที่คิดว่าตัวเองถ่ายทำภาพยนตร์ได้สุดเจ๋ง แต่ความจริงแล้วมันสุดกาก โดย”โม”จะเป็นทำหน้าที่เป็นผู้กำกับ แต่ด้วยความไม่เอาไหนของโมและเพื่อนๆมันจึงทำให้ พวกเขาทำภาพยนตร์ไม่เสร็จเป็นชิ้นเป็นอัน",PE0apTSbvuI,,,
สามวัน สองคืน รัก เลิก เลย,โรแมนติก,,ความรักเกิดโดยไม่ต้องการเหตุผล แต่กลับจบลงด้วยเหตุผลมากมาย ภาพยนตร์ สามวันสองคืน เป็นเพียงหนึ่งในล้านเหตุผลที่ผู้หญิงคนหนึ่งกำลังจะใช้บอกเลิกคนรัก ที่ทั้งไม่ได้เรื่อง และมองหาอนาคตไม่เจอ ร่วมเดินทางท่องเที่ยวสู่ปลายทางของความรัก กับภาพยนตร์รักธรรมดา ๆ ที่จะทำให้ได้รู้ว่า บางครั้งปลายทางอาจไม่สวยงามเท่ากับระหว่างทางที่คนสองคนได้เดินผ่านมาด้วยกัน,RG9aGrmea1I,,,
ม้ง สงครามวีรบุรุษ,"สงคราม, ชีวิต",,ม้ง…สงครามวีรบุรุษ ภาพยนตร์อิงประวัติศาสตร์อันยาวนาน สงครามระหว่างความคิดที่ยาวนานถึง15ปี จากชนเผ่าเล็กๆ กลายเป็นตำนานวีรบุรุษ ที่สร้างเรื่องจริงจากสมรภูมิรบเขาค้อในอดีต,QiBZdok2FSY,,,
ผู้บ่าวไทบ้าน อีสานอินดี้,"ดราม่า, คอมเมดี้",,เรื่องราวของ ทองคำ อาร์ตี้ ธนฉัตร ตุลยฉัตร หนุ่มอีสานบ้านนอกที่ฝันอยากเป็นผู้กำกับหนังอันโด่งดัง ท่ามกลางความฝันลมๆ แล้งๆ ทองคำ เฝ้ารอ ปราณี (ณภัสนันท์ (ชูติมา) วันดึก) สาวคนรักที่ไปทำงานเมืองนอกหวังกลับมาแต่งงานกัน ทองคำมีเพียงไก่ชนตัวหนึ่งที่ปราณีให้ไว้ก่อนไปเมืองนอกและกลุ่มผู้บ่าวไทบ้านเป็นเพื่อน ความซวยของทองคำเกิดขึ้นเมื่อไก่ตัวรักถูกเพื่อนขโมยไปต้ม ทองคำเสียใจมากที่สุด และต้องเสียใจอีกครั้ง ในวันที่ปราณีกลับมาจากเมืองนอกพร้อมแฟนฝรั่งชาวอังกฤษเพื่อจะมาไถนาให้แม่ยายในช่วงฤดูทำข้าว(เดือนมิถุนายน) ทำให้ทองคำอกหักทันที มีเพียงเพื่อนผู้บ่าวไทบ้านคอยปลอบใจ และทองคำจะทำยังไงกับความเป็นไทบ้านลูกอีสานเพื่อดึงใจแฟนสาวไม่ให้กลับเมืองนอกกับแฟนฝรั่งหลังฤดูทำนาเสร็จ ,4Dw_W2NZO2k,,,
รักภาษาอะไร Myanmar in love in Bangkok,โรแมนติก,,รักภาษาอะไร Myanmar in love in Bangkok โดยผู้กำกับ ณิชยา บุญศิริพันธ์  พาคุณผู้ชมไปพบกับเรื่องราวระหว่างสาวช่างสักชาวไทย กับ ชายคนงานชาวพม่า ในความรักแบบติดดิน เรียบง่าย และไร้ซึ่งพรมแดนภาษามาขวางกั้น ,a3riF04Jbns,,,
เดอะเลตเตอร์ เขียนเป็นส่งตาย,สยองขวัญ,,"เสรี ชายหนุ่มพูดน้อย บุคลิกเงียบขรึม ได้รับเชิญไปงานเลี้ยงรุ่นเพื่อน ๆ ชั้นประถม เมื่อไปถึงเสรีต้องตะลึงในความสวยของ นาตยา เพื่อนร่วมรุ่นสาวที่ไม่ได้พบกันมานานเกือบ 20 ปี แต่ทั้งหมดได้รับจดหมายลูกโซ่แปลก ๆ ฉบับหนึ่ง ที่มีปริศนาคำทายและรูปของคนแขวนคอตัวเอง เรียกว่า ""แฮงค์แมน"" และมีข้อความขู่ว่าผู้ที่ได้รับต้องตาย หากจะรอด ต้องส่งต่อจดหมายฉบับนี้ไปยังคนที่ตนแค้นอีก 29 คนจึงจะรอด",_oL8XgIMjkY,,,
เมมโมรี่ รักหลอน,สยองขวัญ,,เรื่องราวแห่งความรักระหว่าง อิงอร (สิริวิมล เจริญปุระ หรือ ใหม่ เจริญปุระ) กฤช (อนันดา เอเวอร์ริ่งแฮม) และ แพร (ซัน คัมภิรานนท์) เด็กหญิงวัย 7 ขวบ เกิดขึ้นในสถานการณ์บีบบังคับ เมื่ออิงอรจำยอมพาแพร ซึ่งเป็นลูกสาวไปพบกฤชเพื่อวินิจฉัยอาการป่วย กฤชเป็นแพทย์หนุ่มที่มีแต่ความหดหู่อาลัยในชีวิต และนั่นเป็นครั้งแรกที่กฤชได้พบกับอิงอรและแพรเด็กสาวที่น่าสงสาร,B9lQuoFBmKE,,,
อรหันต์ซัมเมอร์,"ดราม่า, คอมเมดี้",,เมื่อเด็กๆทวีความซ่าซน จนชนประสานกับความร้อนระอุในปี 2526 เหล่าบรรดาผู้ปกครองต่างๆ จึงมีความคิดเห็นตรงกัน ที่จะหาหนทางกำราบลูกๆของตนเองให้ได้และวิธีที่ดีที่สุดที่ทุกคนเห็นพ้องต้องกันคือ บวช,-_gj-Nt9H5g,,,
สู้นี้เพื่อเธอ,"ดราม่า, โรแมนติก",,"""อาฟฟลิน ชายหนุ่มซึ่งอ่อนแอ แต่เมื่อเกิดความรักแท้ ทำให้เขาได้รับแรงบันดาลใจ พยายามทำทุกสิ่งเพื่อคนที่เขารัก เพื่อจุดหมายที่คาดหวังไว้ ภาพยนตร์เรื่องนี้เป็นการร่วมทุนถ่ายทำถึง 3 ประเทศ ได้แก่ ญี่ปุ่น, มาเลเซียและประเทศไทย และเปิดฉายที่มาเลเซีย และญี่ปุ่น เป็นที่เรียบร้อย เล่าเรื่องราวเกี่ยวกับกีฬาประจำชาติของประเทศญี่ปุ่น นำมาร้อยเรียงเพื่อสร้างแรงบันดาลใจให้คนที่ท้อแท้ สิ้นหวัง "" ",0JI9OwlVsbs,,,
กลางแปลง (Country Movie),"ดราม่า, แอ็คชั่น",,พ่อของพราวทำกิจการหนังกลางแปลงหนังเร่ โดยมีลูกน้องที่ไว้วางใจอย่าง แทน (เอฟ-นนทิพัทธ์) คนรักของพราว เป็นคนดูแลกิจการ แทนมีคู่แข้งคือ ชัย (ใหญ่-จตุพร) เจ้าของหน่วยหนังเร่อีกหน่วย ที่คอยฉายหนังตัดหน้าอยู่เสมอ จึงมีเรื่องชกต่อยกันเป็นประจำ ขณะที่ เข้ม (เดี่ยว-ชูพงษ์) แอบชอบพราวตั้งแต่อยู่ชั้นประถม แต่มีชีวิตอยู่อย่างสันโดษและได้ชื่อว่าเป็นนักเลงอันธพาลที่ลูกน้องมักไปเก็บค่าคุ้มครองจากหนังเร่อยู่เป็นประจำ ,JgFBs8gW5q8,,,
ร่าง (The Parallel),สยองขวัญ,,"""เอ็มมี่""หญิงสาวที่ผ่านการทำแท้งเพราะโดนอดีตชายคนรักหลอก กระทั่งเธอมีโอกาสพบกับ เด็กหญิง คนหนึ่งซึ่งประสบชะตากรรมแย่พอๆกับเธอ แต่..เรื่องมันไม่ง่ายขนาดนั้น??",n6ieR0B7VhI,,,
ผีทวงคืน,สยองขวัญ,,เรื่องราวความแปลกประหลาดสยองขวัญที่เกิดขึ้นใน 3 สถานที่ แต่ก็ดูเหมือนว่าจะมีบางอย่างที่เชื่อมโยงกัน..มันคืออะไร,mtEWbnU_3ZA,,,
นานาช่า,"คอมเมดี้, ผจญภัย",,เชียงเป็นเด็กกำพร้าที่ได้บาทหลวงดูแล แต่เขามักถูกกล่าวหาว่าเป็นตัวน้ำความโชคร้ายมาสู่หมู่บ้าน เขาจึงต้องถูกขับออกจากหมู่บ้านไปอยู่โรงเรียนนานาชาติ เขาได้มีโอกาสพบกับเพื่อนคนอื่น ได้มิตรภาพและความสนุกสนาน แต่เขาก็ยังต้องประสบกับโชคร้าย นั่นคือ เขาได้เข้าไปพัวพันกับโจรเรียกค่าไถ่ที่แฝงตัวมาเป็นครูในโรงเรียน เขากับเพื่อนๆ จึงร่วมมือกันหาทางกำจัดโจรนั้น,ou7KVSt892E,,,
191 1/2 มือปราบทราบแล้วป่วน,คอมเมดี้,,ตำรวจสายตรวจ 191 สองคนที่ต่างกันสุดขั้ว แต่ต้องมาทำงานด้วยกัน คนหนึ่งเป็นนายร้อยตำรวจไฟแรง อีกคนหนึ่งเป็นจ่าแก่ที่หมดไฟแล้ว ความต่างและทิฏฐิไม่ยอมหันหน้าเข้าหากันของทั้งสอง ก่อให้เกิดความไม่ลงรอยกันมากมาย แต่ละคดีทำให้แต่ละคนได้เรียนรู้กันและกันมากขึ้นเรื่อย ๆ และเหตุการณ์ก็นำพาให้ได้พบกับนักข่าวสาวคนหนึ่งที่เพิ่งจบใหม่ และเลือกเป็นนักข่าวสายอาชญากรรม,9PRmMeyIhJw,,,
สะใภ้บรื๋อ (Ghost In Law),"สยองขวัญ, คอมเมดี้",,เรื่องราวของ ตระกูลวงศ์วุฒิพร เจ้าของคฤหาส์นเก่าแก่มูลค่ามหาศาล ด้วยความงดงามใหญ่โต แถมยังตั้งอยู่บนพื้นที่กว้างขวางกลางใจเมืองจึงทำให้คุณหญิงวางแฟนที่จะขายสมบัติสามี เพื่อเอาเงินมาล้างหนี้สินที่เกิดจากความฟุ่มเฟือยของเธอ,7riuReHNfi4,,,
สุริยะฆาต,"ระทึกขวัญ, แอ็คชั่น",,ปรากฏการณ์ธรรมชาติที่เปลี่ยนเขาให้เป็นมนุษย์อำมหิตเมื่อทศภาคย์ทราบข่าวการโดนยิงของแฟนสาวชื่อจิรัตติกาลจึงรีบขับรถไปหาระหว่างทางนั้นเกิดมีรถบรรทุกพ่วงกำลังเลี้ยวออกมาสู่ถนนใหญ่ทำให้ทศภาคย์เสียหลักพุ่งชนสะพานพลิกคว่ำเสียชีวิตทันทีซึ่งเป็นเวลาเดียวกันกับการเกิดสุริยะคราส หลังจากนั้นหมอผันผู้มีอาคมแก่กล้าได้ทำพิธีปลุกวิญญาณควบคุมร่างทศภาคย์ให้ฟื้นคืนชีพขึ้นเพื่อให้ช่วยกำจัดศัตรูโดยที่ทศภาคย์ไม่ว่าศัตรูที่ตัวเองตามฆ่านั้นคือจิรัตติกาลให้รอดพ้นจากการถูกตามล่าของวิญญาณทศภาคย์เหตุการณ์จะเป็นเช่นไรเมื่อจิรัตติกาลรู้ความจริงทศภาคย์ตายแล้ว,4hii2vaN6Y0,,,
เราต้องสู้,แอ็คชั่น,,,ATddNZ7_B-Y,,,
โคตรเพชฌฆาต (The Brutal River),สยองขวัญ,,นรินทร์ นายตำรวจหนุ่มประจำ สภอ. บางมุด อำเภอหลังสวน จังหวัดชุมพร ออกตามหาชายคนหนึ่งที่หายไปอย่างไร้ร่องรอย โดยชาวบ้านต่างพากันโจษขานและเชื่อกันว่าเป็นฝีมือจระเข้ ที่อาศัยอยู่ในคลองบางมุด คลองซึ่งเป็นสายน้ำหลักและเปรียบเสมือนวิถีชีวิตชาวบางมุด ซึ่งนรินทร์ยังไม่ปักใจเชื่อว่าเป็นฝีมือของจระเข้ หลังจากนั้นไม่นานก็เกิดเหตุการณ์ซ้ำๆ สร้างความหวาดกลัวไปทั่วทั้งจังหวัด จน พิกุล และ กระเกด อนามัยตำบล ต้องสั่งให้ชาวบ้านระวังตัว,T9svBfI42o4,,,
หลอน (Soul),สยองขวัญ,,หลอน เป็นภาพยนตร์ไทยสยองขวัญเรื่องผี 4 ภาคของประเทศไทย,NO5zxaCSJ_Q,,,
ดงพญาไฟ,"แอ็คชั่น, แฟนตาซี",,“ดงพญาไฟ” เป็นหนังแอคชั่นแฟนตาซีเล็กๆแบบไทยๆที่ดูแล้วแอดว่าสนุกใช้ได้เลยทีเดียว มีทั้งฉากแอคชั่น ฉากสัตว์แปลกๆที่อาศัยกลางป่าลึกมาให้แฟนๆได้ชมกัน,TMJTpll53OQ,,,
คนสั่งผี Ghost Delivery,"แฟนตาซี, ระทึกขวัญ",,คนสั่งผี” เรื่องนี้สาวๆร้องกรี๊ดแน่ๆเพราะมีพระเอกขวัญใจอย่าง “อนันดา เอเวริงแฮม”มาโชว์หน้าหล่อๆมาดเข้มๆให้ชมกัน หนังอาจจะเล่าเรื่องแปลกๆหน่อยนะคะเพราะมีการเอาทั้งวิทยาศาสตร์และไสยศาสตร์มาผสมกัน,77YTDYnc_7Q,,,
Happy Inn โรงเตี๊ยม ,"สยองขวัญ, คอมเมดี้",,“โรงเตี๊ยม” มาคลายเครียดกันเรื่องราววุ่นวายภายในโรงแรมเล็กๆแห่งหนึ่งที่ดูแล้วบอกเลยค่ะว่าสนุก เพราะมีแต่ดาวตลกชื่อดังมารวมตัวกัน อาบน้ำอาบท่าสบายๆแล้วชวนคนที่รักคนในครอบครัวมานอนดูหนังเรื่องนี้ด้วยกัน,sS6KwcuAgRM,,,
มือปืนเก๋าเจ๋ง The Perfect Killers,"แอ็คชั่น, คอมเมดี้",,“มือปืนเก๋าเจ๋ง” หนังแนวแอคชั่นคอมเมดี้ที่รวบรวมเอานักแสดงที่เรียกเสียงหัวเราะไว้ให้คุณๆเพียบ เรื่องนี้แอดแนะนำว่า..อย่าดูคนเดียวไม่ใช่ว่าหนังน่ากลัวนะคะแต่เดี๋ยวนั่งขำคนเดียวเค้าจะหาว่าสติไม่ดี ต้องมีคนนั่งดูเป็นเพื่อนด้วยจะได้ช่วยกันขำ,f6j717JHMtc,,,
เพื่อนขีดเส้นใต้,"ดราม่า, โรแมนติก",,เพื่อนขีดเส้นใต้ เรื่องราวความรักของ “เพื่อนคู่ชีวิต เพื่อนแท้ เพื่อนตาย” ที่ต่างมีความสัมพันธ์ที่เกี่ยวข้องกัน จะเกิดอะไรขึ้นเมื่อ ต่อต้าน ถูกครอบครัวข้อร้องให้มีลูกเร็วๆ แต่มันไม่ได้ง่ายอย่างที่ทุกคนคิด เมื่อ จ๊ะจ๋า มีข้อแม้ว่าต่อต้านต้องเลิกสูบบุหรี่ให้ได้เสียก่อน ถึงจะยอมมีลูกด้วย จึงเป็นที่มาของสัญญาระหว่างเพื่อนคู่ชีวิต,ODYqc8aq6b8,,,
รักจัง (Ruk Jung),"ดราม่า, โรแมนติก",,“รักจัง” หนังรักบรรยากาศสวยๆที่ดูแล้วอินสุดๆ หนังมี ฟิล์ม รัฐภูมิ ที่มาแบบว่าหล่อมากๆคร้าาประกบกับ พอลล่า หนังดูแบบสบายๆ อบอุ่น สนุก อมยิ้ม บวกกับบรรยากาศสวยของอำเภอปาย,SadUu_c_xUs,,,
ปายอินเลิฟ (Pai In Love),"ดราม่า, โรแมนติก",,“ปายอินเลิฟ” คือหนังที่แอดขอใช้คำว่าสุดละมุนที่จะนำเอาบรรยากาศของเมืองปายมาถ่ายทอดให้ทุกท่านได้ชมกัน,2VYspvxqWEU,,,
รักเอาอยู่ (Love at First Flood),"คอมเมดี้, โรแมนติก",,หนึ่งในผู้ประสพภัยจากน้ำท่วมปี 54 เหมือนกัน ความรู้สึกในวันนั้นมันแย่เนาะ แต่พอได้มาเห็นภาพบรรยากาศ สถานที่ต่างๆจาก “รักเอาอยู่” บอกเลยค่ะว่ามันคืออีกหนึ่งความทรงจำที่ไม่มีวันลืมใครที่ไม่ใช่คนกรุงเทพก็รับชมกันได้นะคะกับหนังเรื่อง สนุกคร้าแล้วยังจะได้เห็นภาพกรุงเทพในอีกมุมที่แปลกไป,iLlQJ4AEyWk,,,
ซาไกยูไนเต็ด Sagai United,"กีฬา, คอมเมดี้",,“ซาไก ยูไนเต็ด” หนังสำหรับคอกีฬาแต่น้องๆหนูๆหรือสาวๆก็ดูได้นะคะ แอดยังชอบเลยเพราะหนังมีนักบอลชาวซาไกหล่อๆหลายคน หนังเล่าถึงความสนุกของทีมนักฟุตบอลนอกสายตาเพราะเป็นชนเผ่าซาไก แต่ลูกกลมๆอะไรมันก็เกิดขึ้นได้ใช้มั้ยละคร้านอกจากนักบอลที่เค้าว่าเป็นชาวซาไกจริงๆแล้วหนังก็ยังมี ป๋าอ๊อฟ พงษ์พัฒน์ มาโชว์ความเก๋าด้วยค่ะ มีความสุขกับการชมภาพยนตร์จาก พระนครฟิลม์,NiE6s_T0wRw,,,
โหดหน้าเหี่ยว 966 (Hod na hiaw 966),"แอ็คชั่น, คอมเมดี้",,"“โหด หน้า เหี่ยว 966” สุดยอดแห่งความฮาเพราะหนังได้ตลกแถวหน้าหลายท่านมาร่วมงานกัน ไม่ว่าจะเป็น จตุรงค์,โก๊ะตี๋,น้าค่อม แถมด้วยนางเอกคนสวย(น้อยกว่าแอดนะ) จ๋า ณัฐฐาวีรนุช หนังแอคชั่นคอมเมดี้เรื่องนี้ห้ามพลาดด้วยประการทั้งปวงคร้า ของดี ของสนุก",qiOXSFFykVU,,,
มือปืน/โลก/พระ/จัน (Killer Tattoo),"แอ็คชั่น, ดราม่า, คอมเมดี้, อาชญากรรม",,กรุงเทพมหานคร ปีพุทธศักราช 2554 เป๋ ปืนควาย (เทพ โพธิ์งาม) อดีตมือปืนรุ่นใหญ่ถูกปล่อยตัวออกจากคุก พร้อมสังขารที่ชราภาพ งานแรกที่ได้รับการติดต่อให้สังหาร เถกิง มือปราบตงฉินฉายา ตำรวจเหล็ก ,c_dtam3Ertg,,,
บ้านผีสิง,สยองขวัญ,, หนังเล่าเรื่องของคดีฆาตกรรมอำพรางแปลกๆที่เกิดซ้อนๆกันที่บ้านหลังหนึ่ง,z_2p-DyLFt0,,,
ม.3 ปี 4 เรารักนาย (Primary Love),"ดราม่า, โรแมนติก",,"ม.3 ปี 4 เรารักนาย เป็นภาพยนตร์ไทย ออกฉายวันที่ 30 เมษายน พ.ศ. 2552 กำกับโดยเหมันต์ เชตมี นำแสดงโดย บัว - สโรชา ตันจรารักษ์, คูณ - คณิน บัดติยา, แจม - ชลธร ปรัชญารุ่งโรจน์ จากวง ซิสก้า (Siska), ป๊อป - ศุภสิทธิ์ ชินวินิจกุล, จุรี โอศิริ และเพ็ญพักตร์ ศิริกุล มีเรื่องราวเกี่ยวกับ ""แรกรัก"" และ ""รักแรก"" ที่สะท้อนการใช้ชีวิตของวัยรุ่นหนุ่มสาว และมีเอ็มเอสเอ็นที่มีอิทธิพลต่อชีวิต ในบรรยากาศของเมืองภูเก็ต และแหลมพรหมเทพ",mF5u97vHCS4,,,
ศพใต้เตียง,สยองขวัญ,,"รวมเรื่องสั้นของนักเขียนฉายา ""สตีเฟ่น คิงเมืองไทย"" ถ่ายทอดจินตนาการอันแหลมคมไว้อย่างสุดฝีมือ 19 เรื่องสั้นหักมุมเขย่าขวัญ ฆาตกรรมอำพรางที่สนุกสนาน ตื่นเต้น ระทึกใจ",bTXYztl0Ttw,,,
สามย่าน (Sam Yan),"คอมเมดี้, สยองขวัญ",,"สามย่าน เป็นภาพยนตร์ไทยแนวตลก ออกฉายเมื่อวันที่ 20 พฤษภาคม พ.ศ. 2553 กำกับโดยภูพิงค์ พังสะอาด, ยุทธเลิศ สิปปภาค, เจริญพร อ่อนละม้าย นำแสดงโดย เกียรติศักดิ์ อุดมนาค, โก๊ะตี๋ อารามบอย, อี๊ด โปงลางสะออน, ทองภูมิ สิริพิพัฒน์, ปิยา พงศ์กุลภา, ปานวาด เหมมณี, ค่อม ชวนชื่น, ลูลู่ตี๋ โปงลางสะออน, ลาล่า โปงลางสะออน, ปฏิญญา ควรตระกูล, อังเคิล อดิเรก, เห็ดเผาะ เชิญยิ้ม",yYkZuMI1p5Q,,,
ดารัมซาล่า Dharamsala,ดราม่า,,หนังเล่าเรื่องของผู้ชายที่ถือตน แต่สุดท้ายก็ได้คิด,HOfET9bMEpc,,,
รินลณี ผีถ้วยแก้ว,สยองขวัญ,,,h1viFvKk-_s,,,
เจ้าพ่อแซ่แต้ เจ้าแม่แซ่ตั้ง,คอมเมดี้,,,g__zIt281yI,,,
ทวารยังหวานอยู่ (Bangkok Loco),คอมเมดี้,,"ทวารยังหวานอยู่ ออกฉายเมื่อวันที่ 7 ตุลาคม พ.ศ. 2547 กำกับโดย พรชัย หงษ์รัตนาภรณ์ อยู่ในค่ายของ อาร์ เอส.ฟิล์ม และ บริษัท ถ่ายสะดวก จำกัด นำแสดงโดย กฤษดา สุโกศล แคลปป์ หรือ น้อย วงพรู รับบท เบ๊, นันทกา วรวณิชชานันท์ รับบท ต้น, นิพนธ์ ชัยศิริกุล รับบท ไอ้หูดำ, นพดล ทวีทำนุสิน รับบท เหมียว และ ภคภัทร บุญสมธรรม รับบท อู๋ ",wD6rHWiZkOo,,,
โคลนนิ่ง คนก๊อปปี้คน,แอ็คชั่น,,"โคลนนิ่ง คนก๊อปปี้คน ออกฉายเมื่อ พ.ศ. 2542 นำแสดงโดยพี่หนุ่ย อำพล ลำพูน หรือ หนุ่ย ไมโคร หนังได้รับรางวัลตุ๊กตาทอง สาขานักแสดงฝ่ายชายยอดเยี่ยม , ตุ๊กตาเงิน สาขานักแสดงดาวรุ่งฝ่ายหญิงยอดเยี่ยม , รางวัลบันทึกเสียงยอดเยี่ยมจากสมาพันธ์ภาพยนตร์แห่งชาติ , รางวัลลำดับภาพยอดเยี่ยม จากชมรมวิจารณ์บันเทิง , 1 ใน 5 ภาพยนตร์ไทยที่เข้าร่วมประกวดในงานมหกรรมภาพยนตร์เอเชีย-แปซิฟิค ครั้งที่ 44",gaqbcIunoHQ,,,
ไทยถีบ (Thai Thief),"แอ็คชั่น, คอมเมดี้",,“ขบวนการไทยถีบ” ถีบหีบในตู้รถไฟขนของญี่ปุ่น! เปิดดูผงะหงาย กลายเป็นธนบัตรไทยทั้งตู้!!,gMcEF9_Lnuo,,,
สังหรณ์ (Omen),"สยองขวัญ, ระทึกขวัญ",,,Lc03qBbm9VI,,,
เด็กระเบิด ยืดแล้วยึด | EXTREME GAME,"แอ็คชั่น, อาชญากรรม",,เด็กระเบิด ยืดแล้วยึด หนังดังในอดีตที่แอดกล้าเอาอกอันอวบอั๋นรับประกันได้เลยค่ะว่า คุณๆที่อายุขึ้นหลัก 4 ต้องรู้จักว่าหนังเรื่องนี้มันสนุกมันดีระดับไหน ,HWJaZn13F1s,,,
34 24 36 สวยเด็ดอย่าบอกใคร,"คอมเมดี้, ดราม่า",, เรื่องราวของผู้ชายที่โชคชะตาเล่นตลกทำให้ต้องพิสูจน์อะไรบางอย่าง หนังมีนักแสดงดังๆอยู่หลายท่าน สนุกขำแต่อาจจะมีแอบจี๊ดโดนใจอะไรบางอย่าง ,ZzKdwKMMb0I,,,
ศพไร้เงา ,สยองขวัญ,,,yml-f30LZjY,,,
รักสยาม เท่าฟ้า (First Flight),"ดราม่า, สงคราม",,รักสยามเท่าฟ้า หนังที่บอกเล่าความเป็นมาของการบินในประเทศไทย,v2wnbtkJtT8,,,
ตะลุมพุก มหาวาตภัยล้างแผ่นดิน,"ระทึกขวัญ, โรแมนติก",, เรื่องนี้สร้างจากเค้าโครงเหตุการณ์จริงที่เกิดขึ้นเมื่อปี พ.ศ.2505 นับได้ว่าเป็นวาตภัยครั้งร้ายแรงมาก ภาพในหนังจะนำคุณย้อนกลับไปในวันเกิดเหตุผสานกับเรื่องราวของความรัก,iymLD4YmlcI,,,
ปักษาวายุ (Garuda),"ไซไฟ, แอ็คชั่น",,ปักษาวายุ ภาพยนตร์ไทยแนวแอ็คชั่นไซไฟ ออกฉายเมื่อวันที่ 1 เมษายน พ.ศ. 2547 ,TBr-eIiEAQA,,,
คลื่นฝัน ควันรัก,โรแมนติก,,"เรื่องราวของ ""เอิร์ธ"" (ทัช ณ ตะกั่วทุ่ง) ชายหนุ่มเจ้าของบาร์เหล้าเล็กๆ ริมหาด ไม่เคยคาดคิดเลยว่าเขาจะมีโอกาสได้พบรักกับ ""ปรายฟ้า"" (ซาร่า มาลากุล เลน) ซุปเปอร์โมเดลชื่อดัง ความรักของทั้งคู่ค่อยๆ ก่อตัวในช่วงเวลาสั้นๆ แต่ทุกรักแท้ย่อมมีอุปสรรคมาทดสอบใจ ไม่ว่าจะเป็นโลกของทั้งคู่ที่ต่างกันโดยสิ้นเชิง และ ""แบงค์"" (โอลิเวอร์ พูพาร์ท) ที่ทำทุกวิถีทางเพื่อกำจัดเขาให้พ้นทางนิยามแห่งความรักที่ทั้งคู่ขีดเขียนขึ้นมาด้วยกัน จะพบกับความสุขสมหวังหรือไม่?...",kNi-RgH4ppI,,,
เกิดอีกทีต้องมีเธอ (Dark Side Romance),"ดราม่า, โรแมนติก, แฟนตาซี",,"เกิดอีกทีต้องมีเธอ ภาพยนตร์ไทยในปี พ.ศ. 2538 นำแสดงโดย ทัช ณ ตะกั่วทุ่ง, กุลสตรี ศิริพงษ์ปรีดา, โชคชัย เจริญสุข กำกับโดย ปรัชญา ปิ่นแ",cxp7SJIC2kA,,,
Club Zaa คลับซ่า ปิดตำราแสบ,วัยรุ่น,,คลับซ่า ปิดตำราแสบ หนังสนุกๆที่แอดว่าน่าจะเหมาะกับแฟนๆของแอดที่กำลังเรียนกันอยู่ เรื่องราวความห่าม ความซ่า ความจ๋อย ของเด็กวัยรุ่น ดูแล้วคิดถึงสมัยที่แอดยังวัยละอ่อนเลยอะ ,VnSOXPmPOVA,,,
รักนะ 24 ชั่วโมง (Rakna 24 Chuamohng),"วัยรุ่น, โรแมนติก",,รักนะ 24 ชั่วโมง' เป็นภาพยนตร์ไทยที่ออกฉายในปี พ.ศ. 2550 ผลิตโดย อาร์เอสฟิล์ม มีเนื้อเรื่องเกี่ยวกับพนักงานร้านสะดวกซื้อ เซเว่น อีเลฟเว่น,Q5tutU2XXJQ,,,
บ้านหลังนี้ผีดุ,สยองขวัญ,,จากกลุ่ม​เด็ก​ที่ชอบล่าท้าผีกับรายการ​วิทยุ นำไปสู่เรื่องราวความสยอง ความเศร้า และคดีฆาตกรรม​ ที่ยังปิดไม่ได้,3Ph3O79B4Qw,,,
เลือดเด็ก (Child Blood),สยองขวัญ,,"แมงป่องภูมิในเสนอภาพยนตร์ที่แสดงถึงเรื่องราวไสยศาสตร์ลึกลับและตำราผีบอก สัมผัสมรณะแห่งภาพยนตร์สยองขวัญ มนต์ดำและอันตรายที่น่ากลัวนำแสดงโดย ต้น-จักรกฤษณ์ อมรัตน์ และ เฟรส อลิสรา วงศ์ชาลี ในภาพยนตร์เรื่อง...""เลือดเด็ก""",WQt318NoTp4,,,
จอมขมังเวทย์,"แอ็คชั่น, แฟนตาซี",,จอมขมังเวทย์ หนังบู๊แอคชั่น ที่ว่ากันด้วยเรื่องของไสยเวทย์ อาคมเข้ม ,5bLLvjFalt8,,,
ไชน่า เกิร์ล (China Girl),"ดราม่า, อาชญากรรม",,,IhKRnTIkez4,,,
ปล้นนะยะ (Spicy Beauty Queen of Bangkok),"คอมเมดี้, อาชญากรรม",,ปล้นนะยะ หรือ ในชื่อภาษาอังกฤษว่า Spicy Beautyqueen in Bangkok เคยออกฉายเมื่อวันที่ 6 กุมภาพันธ์ ปี พ.ศ. 2547,PnWBfz_437I,,,
ล่องจุ๊น ขอหมอนใบนั้นที่เธอฝันยามหนุน (Long June),ดราม่า,,,T1rrhzz7JFY,,,
ซานตาคลอส โจรสะเออะปล้น,"คอมเมดี้, อาชญากรรม",,,RMosvLjt-M,,,
ช่องส่องผี The Real Ghosts,สยองขวัญ,,,7u_pxg4N-eE,,,
แซ่บ,"แอ็คชั่น, คอมเมดี้",,,HgQ2ngyx5eA,,,
18 80 เพื่อนซี้ไม่มีซั้ว,"ดราม่า, คอมเมดี้",,,ILc0wQ5Rs28,,,
Forest Of Dead สาง-สาปวิญญาณ,แอ็คชั่น,,สางสาปวิญญาณ หนังแอคชั่นแบบบ้านๆที่ห่างหายกันไปนาน..,firBWZgsX9c,,,
ผีเสื้อสมุทร ,"แฟนตาซี, โรแมนติก",,,tiTAjbYOQ_g,,,
ปาฏิหาริย์โอม+สมหวัง (Pathihan Aom+Somwang),ดราม่า,,,KUzvm_RQTQc,,,
อยากอยู่อย่างใหญ่,ดราม่า,,ภาพยนตร์ที่จะทำให้ทุกคนรู้ซึ้งถึงชีวิตความลำบากของกลุ่มคนในระดับรากหญ้าอย่างสุด ๆ เป็นหนังที่มีเนื้อหาที่ดีมีประโยชน์ต่อสังคมไทยเราในยามวิกฤต เป็นแรงบันดาลใจให้กับผู้ที่กำลังเผชิญชะตาชีวิตที่ตกต่ำย่ำแย่ ลำเค็ญแร้นแค้น ,qXX-mL9jLCg,,,
จ๊ะเอ๋ โกยแล้วจ้า (Ja Ae Koy Leaw Ja),"คอมเมดี้, สยองขวัญ",,,3TN4-C10ObA,,,
Postcard From Nowhere โปสการ์ดที่ไม่มี..ที่มา ,"ดราม่า, โรแมนติก",,"Postcard From Nowhere โปสการ์ดที่ไม่มี..ที่มา ถ่ายทอดเรื่องราวของความทรงจำที่แตกต่างระหว่างคน 3 คนที่โคจรมาพบกันโดยมีโปสการ์ดประสานรอยต่อ ระหว่างสายลม (ลีโอ พุฒ) ชายผู้ซึ่งเก็บเกี่ยวประสบการณ์ชีวิตด้วยภาพถ่าย เขต (อ้น สราวุธ) ผู้ซึ่งสละได้ แม้กระทั่งความทรงจำเพื่อ กานดา (จุ้มจิ้ม วรนันท์) คนที่เขตรัก “กานดา” หญิงที่มีความเพรียบพร้อมทุกอย่าง ไม่ว่าจะเป็นฐานะ หน้าตา หรือแม้กระทั่งความรัก
",snJnFwLlsqA,,,
จานบิน,คอมเมดี้,,,F5_Yp2wkbVo,,,
กาลครั้งหนึ่งกับสัญญาหน้าฝน,"ดราม่า, คอมเมดี้",,กาลครั้งหนึ่งกับสัญญาหน้าฝน หนังฟอร์มเล็กๆที่แอดอยากนำเสนออย่างมากคร้าาา หนังเล่าเรื่องผ่านฤดูกาลโดยตัวละครคนพื้นบ้าน หนังอาจจะไม่ดูหวือหวามากนักแต่รับรองว่าดูแล้วสุขใจ เ,oYX7LrQyRBA,,,
ตายทั้งกลม,"สยองขวัญ, ระทึกขวัญ",,ความสยองสุดน่ากลัวของการก้าวเข้าไปยุ่งเกี่ยวกับสิ่งเร้นลับของ ย้ง กับ โต้ง ซึ่งผลลัพธ์ที่ได้มันน่ากลัวเกินจะบรรยาย,Owz1PpOZx6Q,,,
ปมหลอน,สยองขวัญ,,,71S2nEo1R08,,,
เช กูวาร่า สงครามปฏิวัติโลก ภาค 1 - Che Part 1,ดราม่า,,เช นายแพทย์หนุ่ม ที่ได้พบกับฟิเดล คาสโตร และเข้าร่วมกับกองกำลังปฏิวัติเพื่อโค่นล้มเผด็จการฟุลเกนซิโอ บาติสตา แห่งคิวบา หลังจากการปฏิวัติในคิวบา เชมุ่งหน้าสู่โบลิเวีย เพื่อหวังจะทำการปฏิวัติอีกครั้ง แต่กลับกลายเป็นว่านั่นคือการเดินทางไปหาจุดจบของเขาเอง หนังได้เบนิซิโอ เดลโตโร่ มารับบทเช กูวาร่า ซึ่งได้รับเสียงชื่นชมอย่างมากในคานส์ ใครที่อยากรู้เรื่องราวของนายแพทย์หนุ่มนักปฏิวัติคนนี้ให้มากขึ้นหลังจากได้ดู Motorcycle diary จากมุมมองของผู้กำกับที่เข้าถึงด้านมืดของมนุษย์ได้ดีที่สุดคนหนึ่ง ก็ไม่ควรพลาดด้วยประการทั้งปวง,KJyAe6tv6iE,,,
สารวัตรเถื่อน,"คลาสสิค, อาชญากรรม",,เมื่อผู้มีอิทธิพลทางเศรษฐกิจและการเมืองเป็น “อาชญากร” ต้องปราบปรามนอกแบบที่รุนแรง แยบยล เยี่ยงโจร,Ul249vNQ0Og,,,
5 คม,"คลาสสิค, แอ็คชั่น",,"จาก ""เสาร์ 5"" สู่ ""5 คม"" ภาพยนตร์บู๊หนังเหนียวที่รวมนักแสดงไว้อย่างคับคั่งเช่นเคยนะคะ เรื่องราวการรวมตัวของ 5 ปีศาจเวียดนาม จาก 5 ภาคที่มีความสามารถกันคนละอย่าง เพื่อมาจัดการกับเหล่าร้าย ภารกิจของพวกเขาจะยากเย็นแค่ไหน?",tnpaXgm3CWc,,,
แม่นาค,"คลาสสิค, สยองขวัญ",,แม่นาคพระโขนง พ.ศ. 2521 นำแสดงโดย สมบัติ เมทะนี ปรียา รุ่งเรือง และเนาวรัตน์ ยุกตะนันท์ กำกับการแสดงโดย เสนีย์ โกมารชุน สามีภรรยาหนุ่มสาวคู่หนึ่ง อาศัยอยู่ด้วยกันที่ย่านพระโขนง สามีชื่อนายมาก ส่วนภรรยาชื่อนางนาก ทั้งสองใช้ชีวิตคู่ร่วมกันจนนางนากตั้งครรภ์อ่อน ๆ นายมากก็มีหมายเรียกให้ไปเป็นทหารประจำการที่บางกอก นางนากจึงต้องอยู่ตามลำพัง,t5GjXkdJ-Vo,,,
พญาแม่เบี้ย,"คลาสสิค, ดราม่า",,พญาแม่เบี้ย (2536) มีข่าวลือในหมู่บ้านว่ามีหมองูตายเพราะงูเห่า  ทำให้คนในหมู่บ้านหวาดระแวงกลัวพญางู แต่เมื่อลำยองเห็นพญางูเห่าท้องแก่  จึงรู้สึกสงสารนำอาหารไปให้ ทำให้พญางูเห่าคอยมาปกป้องลำยองทุกครั้ง  เวลามีภยันอันตรายเข้าใกล้.. เรื่องราวจะเป็นอย่างไรต่อมาลุ้นกันนะคะ,9sKULyRk9CY,,,
ปฏิบัติการสุดเหือดเฉพาะกิจ เสือดำ,"คลาสสิค, แอ็คชั่น",,ข้อความบนใบปิดเมื่อยาเสพติดเป็นฐานเศรษฐกิจของนายทุน ปฏิบัติการสุดเหือดของหน่วยเฉพาะกิจเสือดำจึงอุบัติขึ้น,yUNWUpZcFVA,,,
วัลลี,"คลาสสิค, ดราม่า",,“เธอวิ่งไปทุกวันให้ทันเรียน เธอวิ่งมาทุกวันเพราะกตัญญู” เธอคือ “วัลลี” จากชีวิตจริงของด.ญ.ยอดกตัญญู ปี 24,3UEMHxh7YGE,,,
พยัคฆ์ร้าย 6 แผ่นดิน,"คลาสสิค, อาชญากรรม",,"จุดเริ่มต้นของการตามล่าข้ามชาติเกิดขึ้นเมื่อ แก๊งโจร ปล้นเพชรที่ฮ่องกง แต่ ""เดวิด"" ไม่เห็นด้วยกับการกระทำดังกล่าว ทำให้โดนทำร้าย แต่ตำรวจกลับจับกุมเขาในฐานะผู้ร่วมก่อคดี และถูกแก๊งโจรหมายหัวด้วย แต่ลูกสาวร้านเพชรเห็นเหตุการณ์ จึงทำให้เดวิดหลุดพ้นข้อกล่าวหา",YpuBG65J2Rs,,,
เสือเผ่น,"คลาสสิค, อาชญากรรม",,ภาพยนตร์เรื่องนี้เป็นการสร้างขึ้นมาใหม่โดยผสมจินตนาการเข้าไปด้วย ไม่ได้สร้างจากเค้าโครงเรื่องจริง และสมมติตัวละครขึ้นมาใหม่,6iw1b7V4V30,,,
วังผาเดือด,"คลาสสิค, แอ็คชั่น",,ท่าวังผา..จะต้องลุกเป็นไฟ..!! ขนาดคนตายยังฟื้นขึ้นมาล้างแค้น,9dvO_-R0pbU,,,
เพชร 7 เหลี่ยม,"คลาสสิค, อาชญากรรม",,สงครามหักเหลี่ยมเฉือนคม ช่วงชิงการเป็นเจ้าของเพชรมูลค่านับร้อยล้าน ด้วยเล่ห์โจรล่าโจร! ,MYRKzFMU5RI,,,
ดอกแก้วดำ,"คลาสสิค, ผจญภัย, แฟนตาซี",,"เรื่องของความลี้ลับในดินแดนมายาศาสตร์ ที่มีทั้งความรักแฝงไว้ด้วยความดุร้ายและตัณหา
",VhPj9Yi5qe4,,,
ล้วงคองูเห่า,"คลาสสิค, แอ็คชั่น",,"หนังบู๊สุดมันส์ รับประกันคุณภาพจากจ้าวตำรับหนังบู๊ ""พยุง พยกุล""  ฉีกแนวกำกับไม่เคยซ้ำใคร",r2CAqWnYUw0,,,
ปล้นลอยฟ้า,"คลาสสิค, อาชญากรรม, แอ็คชั่น",,การต่อสู้ครั้งยิ่งใหญ่ในประวัติศาสตร์ ปล้นลอยฟ้า,eJEX1W538vg,,,
เจาะนรกเผด็จศึก,"คลาสสิค, แอ็คชั่น",,เจาะนรกเผด็จศึก หนังบู๊ ระเบิด ภูเขา เผากระท่อม ยิงกันมันส์ทั้งเรื่อง ,TWSZJNopbZ4,,,
มหัศจรรย์สุดขอบฟ้า,"คลาสสิค, แอ็คชั่น",,"""มหัศจรรย์สุดขอบฟ้า"" หนังบู๊สุดมันส์ ปี 2530",ESSZEvGBJQk,,,
ชาติสิงห์ ไอ้ฟ้าผ่า,"คลาสสิค, แอ็คชั่น",,“ชาติสิงห์ไอ้ฟ้าผ่า” หนังเก่าปี (2533) ที่หลายๆคนถามหา,GUF4h0qq8gs,,,
ชายชาติเสือ,"คลาสสิค, แอ็คชั่น",,แม่นเหมือนจับวาง เร็วเหมือนลมกรด ,CgE9lZoq9wo,,,
คู่ทรหด,"คลาสสิค, อาชญากรรม",,ปฏิบัติการของ  “คู่โหด” ขายความจริง ในชีวิตทุกวันนี้,8PWq8CMX2VQ,,,
ฆ่า! ดิบดิบ,"คลาสสิค, อาชญากรรม",,ฆ่าดิบดิบ!! มาฝากรับรองว่ามันส์ทะลุจอ!!,RevuIwQSXjI,,,
สัตว์มนุษย์,"คลาสสิค, อาชญากรรม",,-หนังเรื่องนี้ทำให้สรพงศ์ ชาตรี ได้รับรางวัลตุ๊กตาทองพระสุรัสวดี นักแสดงนำชายยอดเยี่ยม (ตัวแรก) และหลังจากนั้น สรพงศ์ก็กลายเป็นพระเอกอันดับ 1 ทันที,ZUY0iGnu4Ac,,,
ไกลปืนเที่ยง,"คลาสสิค, อาชญากรรม",,"""ผมจะไม่จับจำขัง ผมจะขังปืนจ่า เพราะปืนจ่าฆ่าคนมามาก""",Ph9ejv2BUBA,,,
สงครามร้อนรัก,"คลาสสิค, แอ็คชั่น",,,t7PDTYMfP54,,,
บุญเพ็งหีบเหล็ก,"คลาสสิค, แอ็คชั่น",,เรื่องจริงที่ลือลั่นกว่าครึ่งศตวรรษล่วงแล้ว มาเป็นภาพยนตร์มายาศาสตร์ฆาตกรรมสยอง!,OA6hpDqZ0VE,,,
เจาะนรก 2 ตอน ดิบกระแทกดิบ ,"คลาสสิค, แฟนตาซี",,มาสู้ผีดิบไปด้วยกันนะคะ แอดหวังว่าหยุดยาวนี้ช่องพระนครฟิลม์คลาสสิค,APibio1seDI,,,
มังกรลายไทย,"คลาสสิค, ผจญภัย",,บริษัทแปซิฟิคเอนเตอร์เทนเมนต์จำกัด เสนอ ผลงานอันยิ่งใหญ่ ถ่ายทำถึง 3 ประเทศ... ไทย..ฮ่องกง..ไต้หวัน  ทั้งมันทั้งฮา ลวดลายที่เหนือชั้น ตะบันกันจนเหนื่อยอ่อน,4JhI7f5Xi-k,,,
ไอ้เข้,"คลาสสิค, ระทึกขวัญ, คอมเมดี้",,"""ไอ้เข้"" หนังฮามหาสนุกปี 2535 จระเข้ดุ!! คนเพี้ยน!!",eD3vFfcGvQ4,,,
ตามรักตามฆ่า,"คลาสสิค, อาชญากรรม",,"""กาย"" (สรพงษ์) เพิ่งเรียนจบได้ถูกเรียกตัวให้กลับมาทำงานกับ ""โท"" นายฝรั่งซึ่งเลี้ยงดูพ่อกายและกาย แต่กายปฎิเสธ ทำให้ต่อสู้กัน แต่เขม(ฤทธิ์ ลือชา) ลูกสมุนมือขวา พลาดยิงไปถูกนายฝรั่งเสียชีวิต ส่วนกายถูกจับ แต่ดอน (โกวิท) น้องชายร่วมสาบาน ช่วยกายไว้ แล้วดอนช่วยติดต่ออลิศ (เนาวรัตน์) ให้มาช่วยกายอีกทางเพื่อให้รอดเงื้อมมือจากเขม",QKeFzphUN9Y,,,
วังน้ำค้าง,"คลาสสิค, อาชญากรรม",,เรื่องย่อ ณ หมู่บ้านวังน้ำค้าง ครูใหญ่บำเพ็ญ บุคคลดีเด่น อุทิศตัวเพื่อสังคม แต่มีนายทุนและพวกทำธุรกิจผิดกฏหมายในหมู่บ้าน ครูใหญ่จึงเข้าขัดขวางการค้าไม้เถื่อน ทำให้ถูกข่มขู่  ครูใหญ่จึงไปขอความช่วยเหลือจากเพื่อนเก่า จำปา และคณะครูที่โรงเรียน แต่พวกนายทุนมีครูนอกรีต เป็นไส้ศึก ทำให้ทราบความเคลื่อนไหวของครูใหญ่โดยตลอด ,cLKeKWTU9JI,,,
ลูกรักของแม่ (วัลลี 2),"คลาสสิค, ดราม่า",,,R77A13en9G0,,,
ตัวกูผู้ชนะ,"คลาสสิค, สงคราม",,"""ตัวกูผู้ชนะ"" หนังบู๊สุดมันส์ ที่นำแสดงโดย บิณฑ์ บันลือฤทธิ์",b7nc5kNfxqE,,,
ปอบผีฟ้า,"คลาสสิค, สยองขวัญ",,จากอดีตอันยิ่งใหญ่ พลิกฟื้นขึ้นมาอย่างเกรียงไกรอีกครั้ง ด้วยทุนสร้างไม่อั้น เทคนิคล้ำยุค ทั้งสนุกและตื่นเต้น,wXrz0YO_6lo,,,
สิงห์เดี่ยวดงนักเลง ,"คลาสสิค, อาชญากรรม",,ยิ่งกว่าคำสั่งเสือ เหนือกว่านักเลงจริง คือ สิงห์เดี่ยว,J5c6tChgaXQ,,,
พิศวาสซาตาน,"คลาสสิค, ดราม่า",,นักโทษประหาร (พิศาล) หนีตายหัวซุกหัวซุนเข้าไปในเหมืองเล็กๆ ห่างไกลผู้คน เหมืองนั้นมีเจ้าของเป็นคุณมาธา (เพ็ญพักตร์) ,xIHKkJTYvMI,,,
ลำหักลำโค่น,"คลาสสิค, ดราม่า, กีฬา",,ธาตุแท้ของนักมวย หยิ่งในศักดิ์ศรี บนสังเวียน เขาใช้แม่ไม้มวยไทยครบสูตรแต่นอกสังเวียน เขาต้องเดิมพันด้วยชีวิต,f5G9BxfIvxM,,,
โลงแตก,"คลาสสิค, สยองขวัญ",,,nSQCevUUv34,,,
ไอ้หนุ่มรถไถ,"คลาสสิค, ดราม่า, โรแมนติก",,ครั้งหนึ่งท่านเคยสนุกกับ...เพลงรักบ้านนา...มนต์รักอสูร......เคหาสน์สีแดง...เชลยศักดิ์...,ONY3NduCXaw,,,
วายร้าย 4 คิงส์,"คลาสสิค, อาชญากรรม",,จากพฤติการณ์แก๊งค์สี่คิงส์ฮ่องกง สร้างคดีอุกฉกรรจ์ทั่วเอเชีย เรียกค่าไถ่ ปล้นร้านเพชรทอง และปล้นตัวประกัน หนีศาลอย่างอุกอาจ จนเป็นข่าวใหญ่ สั่นขวัญไปทุกมุมโลก!,ECSKXjj2moY,,,
สวยแต่ซน,"คลาสสิค, ดราม่า, คอมเมดี้",,,6spckZn4evk,,,
เพชรตาแมว,"คลาสสิค, โรแมนติก, สยองขวัญ",,ภาพยนตร์รัก สยองขวัญ จากแรงอาถรรพ์ของ แมวตาเพชร,XCe4ooJN5SY,,,
ผานรก,"คลาสสิค, แฟนตาซี, แอ็คชั่น",,,gGA5bgPyjEg,,,
นางโจร,"คลาสสิค, ดราม่า, อาชญากรรม",,เธอคือเด็กสาวชาวบ้านที่อ่อนหวานน่ารัก แต่ดวงชะตาเล่นตลกผกผัน ให้เธอต้องเดินไปบนหนทางโจร,9dk7jxDsrV0,,,
พี่นักร้องน้องนักเลง,"คลาสสิค, อาชญากรรม",,,IXFK07gUS98,,,
นักเลงเทวดา,"คลาสสิค, แอ็คชั่น, โรแมนติก",,ภาพยนตร์บู๊ รัก ตื่นเต้น สนุกเด็ดขาด,HloEXih6CkE,,,
อาถรรพณ์วิญญาณสาว,"คลาสสิค, สยองขวัญ",,"""อาถรรพ์วิญญาณสาว"" เธอถูกฆ่าอย่างโหดเหี้ยม ไร้ซึ่งความยุติธรรม แค้นนี้..ต้องทวงคืน
",2q3lawm8pEM,,,
ไอ้ผาง รฟท,คลาสสิค,,,fkAOf2m-dq0,,,
มนต์รักลำน้ำชี,"คลาสสิค, โรแมนติก",,ภาพยนตร์หลากหลายอารมณ์ บรรจงเติมแต่งสีสัน ให้เป็นหนังเพลงแห่งความรัก ที่กู่ร้องเพรียกหา จากยอดดอยสูง เขาพระวิหาร ไหกหลากลงสู่สายน้ำลำชี สายเลือดที่หล่อเลี้ยงชนชาวที่ราบสูงมาชั่วนาตาปี ยืนคู่พยานรัก นิรันดร์กาล มนต์รักลำน้ำชี,I5YWxvjBVog,,,
เปิดโลกมหาสนุก,"คลาสสิค, กีฬา, ดราม่า",,"""อัครพล"" นักแข่งรถมือดี ถูกเพื่อนร่วมอาชีพวางยาในสนามแข่งขัน ทำให้ประสบอุบัติเหตุขาหัก แถมถูกไล่ออกจากงานพร้อมลูกน้องแก็งค์คนแคระ ทำให้ลูกน้องต้องเร่ร่อนไปทำงานจับสุนัขจรจัด แล้วไปจับสุนัขของเจ้าของอู่รถ ""คุณโสรยา"" ด้วยเหตุนี้ อาจทำให้อัครพลมีโอกาสกลับมาลงสนามแข่งอีกครั้ง เพื่อกู้ศักดิ์ศรี",YvuV18KwKPE,,,
เหยื่อทรชน,"คลาสสิค, อาชญากรรม",,หนังสะท้อนเรื่องราวสังคม เกี่ยวกับยาเสพติด และภัยคุกคามทางเพศ เมื่อโจรอำมหิต 2 คนหนีออกจากคุก มาหลบซ่อนตัว และมีวัยรุ่นมาหาซื้อกัญชาไปลองเสพสำหรับงานปาร์ตี้ ทำให้โจรจับตัวคนทั้ง 2 เพื่อเรียกค่าไถ่,V-tgPC5IHpY,,,
บัวตูมบัวบาน,"คลาสสิค, โรแมนติก",,สองแฝดสาวสุดน่ารัก วุ่นวายสุดตาลปัตรได้ใน “บัวตูมบัวบาน”,jdj3Y0SD2zQ,,,
ล็อตเตอรี่,"คลาสสิค, ดราม่า, อาชญากรรม",,"เรื่องราววุ่นๆ เกิดขึ้นเมื่อ ""ผู้ใหญ่ดี"" ผู้ชื่นชอบการเสี่ยงโชคซื้อล็อตเตอรี่ทุกงวด วันนึงโชคก็เข้าข้าง ผู้ใหญ่ดีถูกรางวัลที่ 1 มูลค่า 3 ล้านบาท ระหว่างเดินทางไปขึ้นเงินที่กองสลากผู้ใหญ่ดีและลูกสาวเกิดพลั้งปากพูดให้สิบแปดมงกุฎอย่าง ""ไอ้ทิด"" ได้ยิน ",So-EjwuHW1o,,,
นางฟ้าท่าเรือ,"คลาสสิค, อาชญากรรม",,ผลงานแจ้งเกิดของ ดวงชีวัน โกมลเสน เล่าเรื่องราวของ นางฟ้า หรือ บุหลัน หัวหน้าแก๊งค้าเฮโรอีนข้ามชาติที่ต้องการใช้ท่าเรือคลองเตยเป็นที่ลำเลียงสินค้า โดยได้ เสือ พันพยัคฆ์ ตำรวจที่ปลอมตัวเป็นเจ้าพ่อท่าเรือเป็นผู้คุ้มกัน ขณะที่เธอเองก็ปลอมตัวมาเป็นแม่เล้าท่าเรือ แต่เกิดไปแอบหลงรัก เสือ เข้าโดยไม่รู้ตัว ,gBVxrKMqoGg,,,
ไอ้คุณเฉิ่ม,"คลาสสิค, อาชญากรรม, คอมเมดี้",,นายชอบ ขยันขัด (กรุง) ช่างขัดรองเท้า กับนายดับ อารมณ์เสีย (สรพงษ์) คนตาบอดขายหมากฝรั่งและขอทาน(สายัณห์) 3 เกลอที่โชคชะตาช่างเล่นตลก เมื่อนายชอบเดินไปด่อมๆ มองๆสมัครงาน คนร้ายกลับคิดว่าเป็นนายไพฑูรย์ (เจ้าของบริษัท) จึงถูกลักพาตัวไป ,VRB-XeGBcis,,,
123 ด่วนมหาภัย,"คลาสสิค, อาชญากรรม",,การเดินทางด้วยรถบัสข้ามจังหวัดที่มีผู้โดยสารร่วมสิบกว่าคน ล้วนตกอยู่ในอันตราย เมื่อระหว่างทางเกิดมีกลุ่มผู้ก่อการร้ายบุกขึ้นยึดรถโดยสาร และจับทุกคนเป็นตัวประกันนำไปยังค่ายของพวกมัน ไม่ช้า กลุ่มคนที่เคยทะเลาะเบาะแว้งก็ต้องเลือกว่า จะร่วมมือกันฝ่าค่ายนรกนี้ออกไปด้วยรถบัสคันนี้ หรือจะยอมตกเป็นจำเลยต่อไปโดยทิ้งชีวิตไว้กับพวกผู้ก่อการร้าย..,Iihf7Z7tL6E,,,
พันธุ์แม่เบี้ย,"คลาสสิค, สยองขวัญ",,,uLzxpYCFQUs,,,
เสียงแคนดอกคูณ,"คลาสสิค, โรแมนติก, ดราม่า",,"วงหมอลำศิริพร หยุดพักวงช่วงฤดูฝน เพื่อให้ลูกวงได้กลับบ้าน หมอแคนบิณฑ์ (บิณฑ์) ได้ขอติดมาเที่ยวที่บ้านศิริพร และเกิดไปถูกใจดอกคูณ (ธิดา) แต่ลุงแนบ (พ่อดอกคูน) ห่วงลูกสาวมาก แต่ดอกคูนไม่ค่อยถูกชะตาหมอบิณฑ์ ระหว่างนั้นผู้ใหญ่บ้านวิฑูรย์ ได้ของบจากจังหวัดจัดงานประกวดหมอแคน เพื่อส่งเสริมวัฒนธรรมของจังหวัดอุบลราชธานี 
",fcgsLkgNXGU,,,
พิษพยาบาท,"คลาสสิค, ดราม่า",,หมวดทิศากับหมวดดนัยเดินทางไปเที่ยวทางเหนือ หมวดทิศาพบสาวกะเหรี่ยงแสนสวยพอเจ จึงตกหลุมรัก และอยากสู่ขอตามประเพณี แต่คุณนายผอบแม่ของหมวดทิศาได้หมั้นหมายหญิงให้ลูกชายไว้แล้ว ทำให้พอเจมาอยู่ในฐานะเมียน้อยของหมวดทิศา และคุณนายผอบรวมหัวกับจันทร์แตง(เมียหลวง) หาวิธีกลั่นแกล้งพอเจ ทำให้พอเจต้องกลับไปที่เผ่ากะเหรี่ยงพร้อมลูกน้อยในครรภ์ และเสียชีวิตขณะคลอดลูก ลูกสาวพอเจชื่อเข้ยาวะ(นัยนา) ถูกเลี้ยงดูโดยลุงซอเดวีซึ่งดูแลอย่างดียิ่งกว่าลูกในไส้ ส่วนหมวดดนัยมีลูกชายชื่อว่าศิลา(สมบัติ) แต่เมียหนีตามชู้ไป แล้วตัวเองก็ป่วยหนัก จึงยกศิลาให้เป็นลูกหมวดทิศา ซึ่งลุงซอเดวีไม่อยากให้เข้ยาวะได้พบหน้าศิลา เพราะกลัวจะซ้ำรอยอดีตเหมือนแม่พอเจ  ,d-aV3WARsys,,,
ตาลเดี่ยว,"คลาสสิค, โรแมนติก, ดราม่า",,"รำเพย(สมจิตร)อาศัยอยู่กับเดี่ยว(สมบัติ)ซึ่งเป็นลูกชาย เดี่ยวกับโขด(รุจน์) เป็นลูกจ้างขึ้นต้นตาลของกำนันเพชร(ทัต)ที่มีลูกสาวคือ ลูกตาล(อรัญญา) กำนันเพชรหวงลูกสาวมาก แต่ลูกตาลกับเดี่ยวรักกัน โดยไม่ได้สนใจเรื่องศักดิ์หรือฐานะใดๆ ทั้งสองแอบหนีไปอยู่ด้วยกันจนมีพยานรักดวงใจชื่อ""ตาลเดี่ยว"" แต่กำนันเพชรมีหรือจะยอม โปรดติดตามชม...",nPeLACvLVaY,,,
เงิน เงิน เงิน,คลาสสิค,,"ภาพยนตร์ที่สร้างโดยพระเจ้าวรวงศ์เธอพระองค์เจ้าอนุสรมงคลการ หรือ “เสด็จพระองค์ชายเล็ก” ของวงการหนังไทยในยุคนั้น นำแสดงโดย มิตร ชัยบัญชา และเพชรา เชาวราษฏร์คู่พระนางยอดนิยมสูงสุดในประวัติศาสตร์ภาพยนตร์ไทย และผู้แสดงประกอบเกือบทั้งวงการภาพยนตร์ไทยในขณะนั้น ด้วยการรวมเหล่าดารานักแสดงไว้มากมาย ถึง 60 กว่าคน ใช้คำโฆษณาว่า ""เพลงพราว ดาวพรู ดูเพลิน"" และยังมี 14 เพลงไพเราะจาก 15 ยอดนักเพลง ",oIyMIRt4cPg,,,
ทอล์คโชว์ โย่ง เชิญยิ้ม,"คลาสสิค, คอมเมดี้",,,KjVwHLd_cbY,,,
เพื่อแผ่นดินไทย,"คลาสสิค, สงคราม",,"""เพื่อแผ่นดินไทย"" หนังไทยในตำนาน  ปี 2528",Z3kqJNr1pIY,,,
ปลัดเพชรบ่อพลอย,"คลาสสิค, แอ็คชั่น",,,SlLe4pxB2VQ,,,
ชุมแพ,คลาสสิค,,,yy4AFA_3YK0,,,
ผีหัวขาด,"คลาสสิค, สยองขวัญ",,ผีหัวขาด ปี 2523 สรพงศ์-วาสนา,UMy5Ux-9C5A,,,
เจนนี่ กลางวันครับ กลางคืนค่ะ,"วัยรุ่น, คอมเมดี้",,วัยรุ่นยุค 90 แอดขอเสียงโหน๊ยยย!!กับหนัง เจนนี่ กลางวันครับ กลางคืนค่,7IM8mAIvGnE,,,
เก้าพระคุ้มครอง,"ผจญภัย, วัยรุ่น",,ค่ำคืนก่อนวันเริ่มต้นทำงาน เราก็มาหาอะไรเบิกบานใจกันหน่อยเนาะกับ “9พระคุ้มครอง” หนังแนวผจญภัยของเด็กๆที่คุณจะได้เห็นภาพสมัยละอ่อนน่ารักของ “อนัน อันวา” ,Q5ZtR10qXKA,,,
พันธุ์ร็อกหน้าย่น,"ดนตรี, คอมเมดี้",,Rock neve dai คำนี้ยังคงอมตะเสมอ โดยเฉพาะเมื่อคุณได้ชมหนังเรื่อง พันธุ์ร็อกหน้าย่น,t5Xgv2QPlIg,,,
สามชุก,"ดราม่า, วัยรุ่น",,"""สามชุก"" ภาพยนตร์ไทยกำกับโดย ธนิตย์ จิตนุกูล ที่สร้างมาจากเหตุการณ์จริงที่เกิด  เมื่อปี พ.ศ. 2536",nJgoFNfGf1c,,,
เพราะรักครับผม,โรแมนติก,,เพราะรักครับผม หนังรัก..ที่แอดขอบอกค่ะว่าโดนใจมาก หนังฉายในช่วงที่ วงไอน้ำ ฮอตสุดๆฉะนั้นใครที่คิดถึงหนุ่มเสียงดีวงนี้เจอกันแน่นอนคร้าา ส่วนความสนุกมากน้อยระดับไหนแอดขอให้คุณๆให้คะแนนกันเองนะคะ,u9LBuQ3JkJc,,,
โลกทั้งใบให้นายคนเดียว,โรแมนติก,,,RXVoNi-aMy8,,,
แตก 4 รัก โลภ โกรธ เลว ,"แอ็คชั่น, ดราม่า",,"“แตก 4 รัก โลภ โกรธ เลว” คือหนังดราม่าแอคชั่นที่ถือว่าสุดจริงๆ แค่เห็นหน้านักแสดงก็ต้องยกนิ้วให้แล้ว ไม่ว่าจะเป็น เต๋า สมชาย,หนุ่ม ศรราม, ปราโมทย์ และ นุ๊ก สุทธิดา นางเอกดังแห่งยุค",fj04axofonQ,,,
ทหารอากาศขาดรัก,"คลาสสิค, โรแมนติก, ดราม่า",,“มองส่งสายตามองหาสาวใดจะมีบ้างไหม? ใครหนอมีใจรักไม่สูญสิ้น  ,XSjNrZA7oNQ,,,
โกยมหาสนุก,"คลาสสิค, คอมเมดี้",,วีระศักดิ์ (กำนันนั้ม) จุลนิพิฐวงษ์ ทุ่มทุนสร้าง ขอเสนอภาพยนตร์สนุกสนาน...เฮฮา...น่ารัก โกยมหาสนุก,uptJfIxWGvw,,,
วิวาห์จำแลง,"คลาสสิค, ดราม่า",,ชายหนุ่มรักเดียวใจเดียวคบหาอยู่กับเนียรวิภา(สินจัย)แต่เพราะชาลี(พิศาล)มอมเหล้าเนียรวิภาแล้วปลุกปล้ำ ก็เลยทำให้เนียรวิภาต้องไปแต่งงานอยู่กินกับชาลีมีลูกสาวด้วยกันคนนึง ชาลีเป็นเจ้าของฟาร์มม้าติดกับฟาร์มวัวของขมา ส่วนลดายุเป็นหลานขมา แต่นับญาติแล้วห่างกันมาก แม่ของขมาก็ค่อนข้างเชียร์ลดายุให้กับขมา และตัวลดายุก็แอบชอบขมาเหมือนกัน ส่วนชาลีเองก็ไม่ได้รักเนียรวิภาเลย แค่อยากเอาชนะขมา อยากแย่งทุกสิ่งทุกอย่างของขมา เรื่องราวของทั้ง 4 คนจะลงเอยอย่างไร?,PbHI77ruHjE,,,
รุ้งเพชร,"คลาสสิค, คอมเมดี้, โรแมนติก",,หนังเรื่องแรกของสมบัติ เมทะนี กมลศิลปภาพยนตร์เป็นบริษัทสร้างหนังไทยที่โด่งดังในยุคนั้นของ รัตนาภรณ์ อินทรกำแหง นางเอกตุ๊กตาทองชื่อดังแห่งยุค,8RCctx9OK8U,,,
ทรามวัยใจเด็ด,"คลาสสิค, คอมเมดี้",,"ตรีบุบผาฟิล์ม เปิดศักราชฮาต้อนรับปีใหม่ 2521 สดๆร้อนๆจาก เทพบุตรต๊ะติ๊งโหน่ง สมพงษ์ ตรีบุบผา เศรษฐีอารมณ์ขัน  เสนอ  ฮาเหนือฮา ใน ""ทรามวัยใจเด็ด""",L3B5vdo7ZVc,,,
พ่อปลาไหล แม่พังพอน,"คลาสสิค, ดราม่า",,วีระศักดิ์ (กำนันนั้ม) จุลนิพิฐวงษ์  สร้างรื่นเริงสุขสำราญ เหมือนดอกไม้บานยามเช้า,5sWRXiC5o2Q,,,
เจ้าสาวมะลิซ้อน,"คลาสสิค, คอมเมดี้",,เจ้าสาวมะลิซ้อน หนังฮาวุ่นวาย ที่จะทำให้หัวใจคุณชุ่มฉ่ำ เรื่องนี้พี่ตา ปัญญา นิรันดร์กุล เล่นเป็นหนึ่งในพระเอกด้วย,oRF7hf1QIiQ,,,
หล่อลากดิน,"คลาสสิค, โรแมนติก",,ความรักที่อลวน อลเวงที่สุด เมื่อกามเทพเจ้าชู้เสียเอง เรื่องก็ยุ่ง 4 คู่จู๋จี๋ 4 เพลงใส่ไป,OXqQ3-MlLVE,,,
วิวาห์พาฝัน,"คลาสสิค, โรแมนติก",,เอสกรุ๊พ  เสนอ ความรักของหนุ่มสาว ที่มีทั้งความหวานและไฟร้อน คลุกเคล้าดังตำนานรักของอาดัมกับอีฟ,pH-wZFoDpD8,,,
หม่ำ On Stage,คอมเมดี้,,,MfBlvTmLNS4,,,
โปลิศจับขโมย,"คลาสสิค, อาชญากรรม",,เสือเฉาะ โจรหนุ่มชื่อกระฉ่อน หลังจากออกจากคุก มีพรรคพวกแก๊งต่างๆ อยากได้ไปร่วมงาน แต่เสือเฉาะเลือกงานปล้นเพชรร่วมกับอดีตคนรักเก่า แผนซ้อนแผน จะทำให้เสือเฉาะได้เพชรที่ปล้นหรือถูกตำรวจจับกุม...,rs_wUOIDTX8,,,
นักเลงสามสลึง,"คลาสสิค, แอ็คชั่น",,ใหญ่เหนือชั้น...มันส์เหลือเชื่อ..! ฝีมือเท่านั้นประกันคุณภาพ ผลงานระดับมาตรฐานโลก ยิ่งใหญ่ที่สุดในชีวิตการสร้างและกำกับฯของ...”พิชัย น้อยรอด”,SiEv4TkSSBk,,,
กุ๊กมือเก่า,"คลาสสิค, อาหาร, คอมเมดี้",,ตรีบุบผาฟิล์ม  เสนอ เมนูจี้เส้นตำรับใหม่ที่จะให้คุณหัวเราะกันเต็มจอ  หัวร่อกันเต็มอิ่ม ยิ้มกันเต็มที่ กุ๊กมือเก่า,dD8Ia0gMh2I,,,
สามคนผัวเมีย,"คลาสสิค, ดราม่า",,ฉันรู้ว่าเธอทั้งสองรักฉัน แต่จะเป็นไปได้หรือ ที่เราทั้งสามจะอยู่ร่วมกัน,BcDd0qUHPLQ,,,
กิเลสสีม่วง,"คลาสสิค, อาชญากรรม",,ทราย เด็กสาวบ้านนอกหวังมาหางานทำในกรุงเทพ เพื่อนำเงินไปจุนเจือครอบครัว แต่กลับถูกหลอกมาขายมาเป็นโสเภณี แต่โชคยังดีมีนักเที่ยวเกิดชอบพอทรายและหวังช่วยอย่างจริงใจจึงสามารถหนีรอดพ้นจากเงื้อมมือพวกมันได้ โดยมีกลุ่มปกป้องสตรี รวมตัวกันเพื่อต่อต้านและช่วยเหลือผู้หญิงที่ตกเป็นเหยื่อเพื่อโค่นกลุ่มอิทธิพลอย่างลับๆ หนังเรื่องนี้สะท้อนปัญหาสังคม ที่หมักหมมมานาน ซึ่งยากต่อการเยียวยาแก้ไขอย่างมาก,vEwABLFllTg,,,
แม่นาค 30,"คลาสสิค, สยองขวัญ",,เรื่องราวอมตะของแม่นาค  ตอนใหม่เอี่ยม,HJjjnXBdGo0,,,
พรุ่งนี้รวย หวยเอาอยู่,คอมเมดี้,,,dSKuWe4ixEE,,,
รักข้ามรุ่น,"คลาสสิค, ดราม่า, โรแมนติก",,"""หนุงหนิง"" ลูกชายคนเล็กทายาทเจ้าของโรงแรม ซึ่งถูกแม่เลี้ยงดูอย่างกับไข่ในหิน แตกต่างจาก ณรินทร์ พี่ชายคนโต ที่พึ่งกลับมาจากต่างประเทศพร้อมกับคว้าสาวต่างชาติกลับมาเป็นสะใภ้ เมื่อกลับมาเมืองไทย ""ณรินทร์"" ไม่ค่อยมีเวลาให้ภรรยาจนทำให้หนุงหนิงเกิดความหวั่นไหวทุกครั้งที่ได้ใกล้ชิดกับพี่สะใภ้ แต่หนุงหนิงเองก็คบหาอยู่กับ ""สา"" เรื่องราวความรักทั้ง 4 คนจะลงเอยเช่นไร",5yzFUjl0FXc,,,
เปิดโลกวัยทะเล้น,"คลาสสิค, คอมเมดี้",,ภาพยนตร์สนุกสนาน..เฮฮา..น่ารัก…เปิดโลกวัยทะเล้น,WlkbCpJqj04,,,
มือผี,"คลาสสิค, สยองขวัญ",,ร่างของสาวสวย บุญเติม ได้หายไปอย่างไร้ร่องรอย ยากการแก่การติดตาม จนกระทั่งวันหนึ่งมีคนพบโครงกระดูกกับแหวนที่พี่สาวของเธอได้ให้ไว้เป็นของขวัญแต่งงาน เรื่องจึงแดง ทำให้พี่สาวโกรธแค้นอย่างมาก ขณะที่ร่างของบุญเติมก็ตามรังควานคนที่ทำร้ายเธอ โครงกระดูกที่เหลือเพียงมือ ยังคงตามติดหลอกหลอนคนที่ฆ่าเธอ แล้วใครคือฆาตกร? ,lSKDf4z4rBU,,,
ยุ่งนักรักซะเลย,"คลาสสิค, โรแมนติก",,"""ยุ่งนักรักซะเลย"" หนังรักวุ่นๆ พิสูจน์ความเป็นทายาทมหาเศรษฐี",Owu_StPih3Y,,,
เดือนเสี้ยว,"คลาสสิค, ดราม่า",,เดือนเสี้ยว (2528) หรือมีเพียงเดือนเสี้ยวที่สาดทอ มีบ้างไหมหนอ คืนสวยใสเดือนเต็มดวง ดาวล้อม โอบอ้อมใจ ณ หนใด จักฝืนฝ่า ชะตากรรม “ภาพยนตร์ที่มีทั้งคำถามและคำตอบให้กับสังคม”,qx5WGtoTAjo,,,
ประกาศิตหัวใจ,"คลาสสิค, ดราม่า",,"""พนม"" นายแพทย์หนุ่มพบประสบการณ์เลวร้ายที่ไม่อาจลืม เมื่อเขารักษาลูกสาวเต็มความสามารถ แต่ไม่อาจยื้อชีวิตลูกสาวไว้ได้ ภรรยาจึงไปเริ่มต้นชีวิตใหม่ ทำให้พนมหมดอาลัยตายอยาก และทิ้งวิชาชีพที่ตัวเองเรียน ไปรับจ้างทำไร่ที่ต่างจังหวัด พนมอาศัยอยู่กับนายจ้าง และเขาเอ็นดู ""ป้าน"" ลูกสาวนายจ้างวัยไล่เลี่ยกับลูกสาวเขา ป้านป่วยเป็นโรคเดียวกับลูกสาวพนม ทำให้พนมต้องกลับมาเป็นหมออีกครั้ง เพื่อรักษาป้านและลบความทรงจำอันเลวร้าย",GTvnKz6O0RE,,,
ไฟหนาว,"คลาสสิค, ดราม่า",,"เสนอ..ความสนุก..สะใจเมื่อถึงจุดเดือดที่ศูนย์องศา ความเร่าร้อน...ที่แฝงอยู่เบื้องหลังความหนาวเหน็บ
",Dpq59ZypTmY,,,
รักครั้งสุดท้าย,"คลาสสิค, โรแมนติก, ดราม่า",,"""ความรักครั้งสุดท้าย"" เรื่องราวชีวิตของคนสามคน..ที่โคจรมาพัวพันกันด้วยความรัก ระหว่าง รส แม่หม้ายสาวลูกติด, พัท หนุ่มรุ่นน้อง และ ชิดเชื้อ ศิลปินรุ่นพี่ เกิดเป็นความรักสามเส้าที่ยากจะถอดถอน..",cwIVsilbq1s,,,
เพลงสุดท้าย,"คลาสสิค, ดราม่า",,"เมื่อสาวประเภทสองคนหนึ่งที่ไม่เคยศรัทธาในความรัก และเชื่อว่า “ไม่มีรักแท้สำหรับเพศสีม่วง”วันนึง..มีคนทำลายเขื่อนสูงที่กั้นหัวใจของเธอไว้..ลงได้เธอทุ่มเทความรักให้เขาหมดทั้งหัวใจ สุดท้ายความรักที่เธอทุ่มเทไปก็ไม่เป็นอย่างที่หวัง..
",BxLIdqGzRrc,,,
กะโหลกบางตายช้า กะโหลกหนาตายก่อน,"คลาสสิค, อาชญากรรม",,ความลับที่ไม่อาจจะปิดมิดได้.. ก่อนที่ทั้งสามคนจะหักหลังและฆ่ากันเองในที่สุด,u0FOzjA3Bd0,,,
นะมะปะสุ,"คลาสสิค, แฟนตาซี, คอมเมดี้",,เรื่องราวสุดอลวนของเหล่าตัวละครในวรรณคดี ที่อยู่ในหนังสือ แต่ดันหลุดออกมาในโลกมนุษย์ปัจจุบัน,GVOdp9AniTM,,,
รักคืนเรือน,"คลาสสิค, โรแมนติก, ดราม่า",,"""คชล"" กับ ""ปอ"" ทั้งสองเป็นคู่รักที่วางแผนจะแต่งงานหลังเรียนจบ แต่ป้าของปอเกิดป่วยหนัก และอยากให้ปอได้คู่ครองที่เป็นผู้ใหญ่ มีฐานะมั่นคงอย่าง ""หมอโต"" ทำให้ปอต้องทำตามความต้องการของป้า แต่ปอไม่ได้รักหมอโต ทำให้หมอโตต้องเอาชนะใจปอให้ได้ และให้ปอลืมคชลให้ได้ สุดท้ายความรักของทั้งคู่จะลงเอยเช่นไรต้องติดตามชม",JGI_T32A5J8,,,
กะเหรี่ยงตกดอย,"คลาสสิค, วัยรุ่น",,กะเหรี่ยงตกดอย หนังปี 2530 เรื่องราวของสองหนุ่มกระเหรี่ยงที่อาศัยอยู่บนดอยสูงห่างไกลความเจริญ พวกเขาเป็นความหวังและตัวแทนของเผ่าที่ต้องไปสอบเข้ามหาวิทยาลัยที่กรุงเทพฯ เพื่อนำความรู้มาพัฒนาหมู่บ้าน มาลุ้นกันค่ะ ว่าเรื่องราวจะวุ่นวายแค่ไหน ทั้งคู่จะทำภารกิจสำเร็จหรือไม่ มาดูหนังกับแอดนะคะ,-fYWnkp4jQA,,,
กว่าจะถึงวันนั้น,"คลาสสิค, วัยรุ่น, ดราม่า",,"""แม้วันนี้จะผิดหวัง  อย่าสิ้นพลัง  ก่อนวันนั้นจะมาถึง""",1ScF9nxwhzY,,,
รักนี้เราจอง,"คลาสสิค, โรแมนติก",,ถ้าจริงใจและมาจากหัวใจ รักนี้...คุณย่อมมีสิทธิ์จับจอง,1xA-WawyjOg,,,
ตะลุยโรงหมอ,"คลาสสิค, วัยรุ่น, ดราม่า",,นักศึกษาแพทย์ชั้นปีสุดท้าย 3 คน ที่ต้องผ่าศพอาจารย์ใหญ่ภาคปฏิบัติจริง แต่ดันเจอดีเข้า จึงหนีป่าราบไม่คิดชีวิต ทำให้คนไข้ พยาบาล ตื่นตกใจวุ่นวายกันไปหมด เมื่อผู้อำนวยการโรงพยาบาลทราบเรื่องเข้า จึงมีมาตรการฝึกงานใหม่ให้กับนักศึกษาทั้ง 3 คน เพื่อไม่ให้ขวัญอ่อน เมื่อส่งตุ๋ย ต้องไปเฝ้าห้องดับจิต อ้วน ต้องไปตกแต่งหน้าศพและอีกคน ต้องไปอยู่ตึกผู้ป่วยประสบอุบัติเหตุรุนแรงและตาย ความวุ่นวายอลหม่านจะเพิ่มเป็นทวีคูณหรือไม่,aKF1aK7VMrg,,,
เก็บรัก,"คลาสสิค, ดราม่า",,ค่าความรักสูงยิ่งสิ่งใด  ควรเก็บเอาไปให้แก่คนดีๆ...,4Qxchwg7-pk,,,
ดิฉันไม่ใช่โสเภณี,"คลาสสิค, ดราม่า",,"ดิฉันไม่ใช่โสเภณี เป็นนวนิยาย ประพันธ์โดยผกามาศ ปรีชา มีเรื่องราวเกี่ยวกับผู้หญิงไทยที่เสี่ยงชีวิตไปประเทศเยอรมนี โดยหวังจะแต่งงานกับชาวเยอรมัน เพื่อให้ได้สิทธิ ในการอยู่ในประเทศเยอรมนีต่อ โดยตีแผ่การทำงานของบริษัทจัดหาคู่ รวมถึงชะตากรรมของผู้หญิงต่างแดนหลาย ๆ คน
",7Ko_FMfKc-U,,,
3 กบาล,"คลาสสิค, ดราม่า, คอมเมดี้",,TKR GROUP  ร่วมกับ  กลุ่ม “คนไท”เสนอผลงานอันดับที่ 8,WV1Bb8Vl6t0,,,
รักซึมลึก,"คลาสสิค, โรแมนติก",,"""รักซึมลึก"" หนังรัก feelgood ที่มีครบทุกรส เป็นหนังที่ดูแล้วรู้สึกเต็มอิ่มมากๆค่ะ เรื่องราวความรักของสองหนุ่มสาวที่มีเหตุให้ต้องใช้ขีวิตอยู่ห้องเช่าเดียวกัน จากเพื่อนร่วมห้อง จะพัฒนาไปเป็นความรักได้หรือไม่ มาลุ้นกันค่ะ
",t6CQAxn1vrc,,,
อะไรกันจ๊ะ,"คลาสสิค, คอมเมดี้, วัยรุ่น",,สูตรลับปราบศิษย์สาวซ่า อาจารย์ยอดฮาใช้ตำราไฮ-เทค,Ec-ih1Dg7IM,,,
สองขวัญขยันหาเมีย,"คลาสสิค, โรแมนติก, ดราม่า",,ทะเล้นเป็นหนึ่ง..ทะลึ่งไม่เหมือนใคร แต่เดินไปไหน...สาวๆตอมกันเกรียวลองคลำดูซิฮะ คุณมี “สองขวัญ” เหมือนผมไม๊..,nkHKqiA0hmQ,,,
สองโหลยี่สิบห้า,"คลาสสิค, ดราม่า, วัยรุ่น",,ขนมปัง (อนุสรา จันทรังษี) แฟนสาวของปัทมศักดิ์ (พลวัฒน์ มนูประเสริฐ ) มีนิสัยชอบอ่านหนังสือการ์ตูน ระหองระแหงทะเลาะกันเป็นประจำ โดยพักอาศัยอยู่ตัน (อธิป ทองจินดา) เพื่อนนายแบบที่ออกค่าเช่าห้องให้ แต่แล้วปัทมศักดิ์ เกิดป่วยได้ไปพบหมอทราบข่าวว่าเป็นโรคร้าย อยู่ได้ไม่เกิน 3 เดือน ทำให้คนที่อยู่รอบตัวและขนมปังต่างทำความดีเสีย จนปัทมศักดิ์รู้สึกผิดสังเกตุจากคนรอบข้าง เรื่องวุ่นๆโกลาหลจึงเกิดขึ้น และปัทมศักดิ์จะหายจากโรคร้ายหรือไม่,0yObEAy7zR4,,,
อีกครั้ง,"คลาสสิค, โรแมนติก, ดราม่า",,เรื่องราวความรักของ ภัทรา หญิงสาวจิตใจดี ที่ได้พบรักกับ พลวัฒน์ เศรษฐีหนุ่มจอมเจ้าชู้ที่ไม่เคยจริงจังกับผู้หญิงคนไหน แต่ด้วยความจริงใจของภัทรา ทำให้พลวัฒน์ปรับปรุงตัวและมุ่งมั่นที่จะแต่งงานกับภัทราให้ได้ แต่อุปสรรคความรักเกิดขึ้นเมื่อภัทราได้ร่วมงานกับ สราวุฒิ นักแสดงและผู้กำกับชื่อดัง ที่หมายปองในตัว ภัทรา เหมือนกันสุดท้ายบทสรุปความรักของภัทรา จะเป็นเช่นไร ต้องติดตามชม,RGd4t5uHenk,,,
เพื่อน,"คลาสสิค, วัยรุ่น, ผจญภัย",,"""เพื่อน"" เรื่องราวของสามสาววัยซน กับอีกหนึ่งผู้ต้องหาหนีคดี ที่จะทำให้คุณต้องซึ้งกับมิตรภาพต่างวัย ต่างสถานะ ตอนจบแอดนี่แอบน้ำตาคลอเลยค่ะ",tx2pKsd3PG0,,,
หยุดหัวใจไว้ที่รัก,"คลาสสิค, โรแมนติก",,โลกหยุดความวุ่นวาย หากทุกคน “หยุดหัวใจไว้ที่รัก”,YtvarGOSNo0,,,
บ้าน,"คลาสสิค, ดราม่า",,"เรื่องราวว่าด้วยครอบครัวมหาซวย  ที่อพยพมาทำงานกันในกรุงเทพฯ  พ่อเป็นกรรมการโรงเหล็ก แม่พับถุงขาย ปู่รับจ้างลับมีด ลูก ๆ ก็ขายพวงมาลัย เรียกว่าเป็นตัวแทนของครอบครัวชนชั้นล่างขนานแท้  แล้วความซวยก็เริ่มขึ้นเมื่อห้องเล็ก ๆ ไม่พออยู่สำหรับหกชีวิต  พ่อจึงไปกู้เงินเถ้าแก่มาปลูกกระต๊อบข้างโรงงานเพื่อให้ครอบครัวสบายขึ้น แต่หารู้ไม่ว่าเงินกู้นี้กำลังจะทำให้ ""บ้านที่แท้จริง"" มาถึงหายนะ",Gch2BTxgy3E,,,
รักตะลุมบอน,"คลาสสิค, คอมเมดี้, โรแมนติก, วัยรุ่น",," ""รักตะลุมบอน"" หนังตลก กุ๊กกิ๊ก เฮฮา ประสาวัยรุ่น",hy4ZDmTzUf4,,,
เราสอง,"คลาสสิค, โรแมนติก, วัยรุ่น",,"เรื่องราวของ ""พีท"" กับ ""เปิ้ล"" คู่รักที่มีนิสัยตรงข้ามกัน ในขณะที่พีทเป็นหนุ่มหล่อฐานะร่ำรวยและเจ้าชู้ แต่ เปิ้ลกลับเป็นหญิงสาวที่เรียบร้อยและตั้งใจเรียน วันหนึ่ง ความรักของทั้งสองก็เกิดคำถาม เมื่อเปิ้ลได้พบกับ ท็อป หนุ่มบ้านนอกที่ทำงานส่งตัวเองมาเรียนต่อที่สกอตแลนด์และตกหลุมรักเปิ้ลทันทีเมื่อแรกพบ ความเอาใจใส่ของ ท็อปที่ต่างจากพีทได้ทำให้จิตใจเปิ้ลเริ่มจะสั่นคลอน ""พีท"" หนุ่มหล่อฐานะร่ำรวย นิสัยเจ้าชู้ แต่ไม่ตั้งใจเรียน เอาแต่เที่ยวเตร่ ส่วน ""เปิ้ล"" แฟนสาวพีท หญิงสาวท่าทางเรียบร้อย ตั้งใจเรียน มีเพื่อนร่วมหอพักเดียวกัน คือ ท็อป หนุ่มบ้านนอกที่ดิ้นรน มาทำงานส่งตัวเองเรียนต่อปริญญาโทที่สกอตแลนด์ หลังจากที่ท็อปได้พบกับเปิ้ลครั้งแรก ก็ตกหลุมรักทันที พยายามใจใส่ดูแลใกล้ชิด จนจิตใจเปิ้ลเริ่มจะสั่นคลอน และพีทเริ่มไม่ค่อยพอใจความสัมพันธ์ของทั้งสอง",xKu_JIB_2Mw,,,
ด้วยรักคือรัก,"คลาสสิค, โรแมนติก",,ขุมคลังแห่งความบันเทิง “ความรัก”...หากจะวัดกันแล้ว ถือได้ว่าเป็นศิลปขั้นคลาสสิคทีเดียว ในชีวิตของคุณ... คุณอาจเคยพูดคำว่า “เพราะว่าฉันรักเธอ” มาแล้ว แต่ว่า...คุณเคยมีความรู้สึกลึกซึ้งกับมันบ้างไหม? ด้วยรักคือรัก,j_hYXUO4xR0,,,
ไม่มีพรุ่งนี้อีกแล้ว,"คลาสสิค, โรแมนติก",,"ดนัย(พงษ์พัฒน์ วชิรบรรจง), มีน(นาถยา แดงบุหงา), สำลี (อรุณ) เดินทางโดยรถไฟเจอคนร่วมทางคุยกันถูกคอ ดนัย(พงษ์พัฒน์)อาชีพนักแต่งเพลง จึงชวนมาพักที่ไร่ ที่ตนเองทำงานอยู่ ดนัยเห็นลูกสาวเจ้าของไร่ มีน (นาถยา) เกิดถูกใจ จึงตามตื้อ แต่พ่อของมีนไม่แน่ใจว่าดนัยจะเลี้ยงดูลูกสาวตนได้ ทำให้ดนัยต้องพิสูจน์ตัวเอง และทุกอย่างกำลังไปได้ดี มีนกลับพบว่าตัวเองกำลังป่วยหนัก ดนัยจึงต้องทำทุกวิถีทาง เพื่อประคับประคองชีวิตครอบครัว",KDCn4tGPCd0,,,
ผลุบโผล่,"คลาสสิค, วัยรุ่น",,"ผลุบโผล่ (2532) บทภาพยนตร์ วงษ์สยาม นักแสดง เกียรติ กิจเจริญ, ชุดาภา จันทเขตต์",cBzsfg-96g8,,,
เพียงบอกรักฉันสักนิด,"คลาสสิค, โรแมนติก, วัยรุ่น",,“วัยรุ่น” วัยแรกของการแสวงหา วัยที่เริ่มรู้สึกในเรื่องความรัก วัยที่พบพานกับความผิดหวัง วัยที่คนอื่นยากจะเข้าใจ เพียง..บอกรักฉันสักนิด,g49I4m7H3wM,,,
เคหาสน์ดาว,"คลาสสิค, โรแมนติก",,เรื่องยุ่งๆของผู้หญิงคนหนึ่งซึ่งอยากมีบ้าน เคหาสน์ดาว,nucmsRopZSI,,,
ถ้าจะจีบ...ก็ได้เลย,"คลาสสิค, โรแมนติก",,"""ถ้าจะจีบ..ก็ได้เลย"" อันนี้แอดไม่ได้บอกใครนะ แต่เป็นชื่อหนังที่แอดลงให้ทุกคนดูวันนี้ อิอิ ",qj088sD549M,,,
แดดร้อนลมแรง ความรักกำลังจะมา,"คลาสสิค, โรแมนติก, วัยรุ่น",,"แดดร้อน ลมแรง ความรักกำลังจะมา เป็นภาพยนตร์ไทยวัยรุ่นที่ออกฉายในปี 2536 นำแสดงโดย: ศรราม เทพพิทักษ์, แอน ทองประสม, เอก โอรี, ธัญญาเรศ รามณรงค์, ตรี สุขเกษม และเนาวรัตน์ ยุกตะนันท์ กำกับการแสดงโดยอินทัช",14DjssgIjbw,,,
เธอร้องไห้เมื่อคืนนี้,"คลาสสิค, ดราม่า",,ว่าด้วยเรื่องราวของหญิงสาวคนหนึ่ง ที่ใช้ชีวิตอยู่ในกรอบมีครอบครัวเป็นใหญ่เป็นโตและเป็นถึงเจ้า มีคุณหมอที่แอบรักอยู่แต่ไม่กล้าบอก ได้แต่ทุ่มเทช่วยเหลือหญิงสาวจนได้เข้ามหาวิทยาลัย เมื่อหญิงสาวได้รู้จักโลกภายนอกและเริ่มออกนอกกรอบเพราะเหล่าเพื่อนสาว และได้หลงไหลหลงรักนักกีฬาหนุ่มหัวปักหัวปำ แต่หารู้ไม่ว่านักกีฬาคนนี้แค่เพียงอยากสนุกและเจาะไข่แดงสาวไปเรื่อยๆ,yOjf1nLhQ34,,,
เธอกับเขา และรักของเรา,"คลาสสิค, โรแมนติก, ครอบครัว",,"เธอกับเขา และรักของเรา เป็นภาพยนตร์ที่ออกฉายในปี 2530 กำกับการแสดงโดย อาร์ม บุนนาค และนำแสดงโดย อรพรรณ พานทอง, ตฤณ เศรษฐโชค, อรุณ ภาวิไล, สุเชาว์ พงษ์วิไล, สมเกียรติ คุณานิธิพงศ์",QtOZIiYulAI,,,
สองเรา,"คลาสสิค, โรแมนติก, ดราม่า",,สวยแต่ช้ำ...หวานแต่เศร้า รักแต่ต้องจำพราก,MX0rtGY8bLo,,,
ดอกไม้ร่วงที่สันทราย,"คลาสสิค, โรแมนติก, ดราม่า",,"""ดอกไม้ร่วงที่สันทราย"" หนังรักดราม่า ตั้งแต่รุ่นพ่อยันรุ่นลูกเลยยย ",zub4VTpaZek,,,
ก้อนหินในดินทราย,"คลาสสิค, โรแมนติก, ดราม่า",,อาม ศิลปินหนุ่มรูปหล่อ..เบื่อชีวิตในวงการ ต้องการออกไปอยู่กับแฟนสาว แต่ พอม แฟนสาวกลับไม่สนใจอาม และคบคนอื่น ทำให้อามรู้สึกผิดหวังและเสียใจ จึงหนีไปใช้ชีวิตที่เกาะสมุย โชคชะตานำพาให้ อาม มาพบ วาปี สาวสวยที่กำลังคิดสั้น อามได้เข้าไปช่วยเหลือ ทำให้ทั้งคู่ได้รู้จักกัน,KHAjTWXfNps,,,
จะรักอยู่แล้วเชียว,"คลาสสิค, โรแมนติก, วัยรุ่น, คอมเมดี้",,"""จะรักอยู่แล้วเชียว"" หนังรัก ฮาวุ่นวาย ปี 2532 เรื่องราวของวัยรุ่น วัยรัก ที่แอดรับรองว่าหากทุกคนดูแล้วจะมีรอยยิ้ม 
",Z2p8FoipUp4,,,
ถามหาความรัก,"คลาสสิค, ดราม่า, ผจญภัย",,"เป็นเรื่องราวชีวิตของ ""ดาวประดับ"" เด็กสาวน่ารักที่อ่อนโยนและมีจิตใจที่ดี เธอได้รับการเลี้ยงดูและใด้รับความรักอย่างเต็มเปี่ยมจากครอบครัวที่มีความเพียบพร้อมการได้สนิทสนมกับ ""อักษรา"" เด็กสาวท่าทางห้าวๆที่มีปัญหาครอบครัวทำให้โลกใบน้อยที่สมบูรณ์แบบของดาวประดับนั้นเริ่มที่จะไม่เหมือนก่อนด้วยความเป็นห่วงของพ่อและแม่และช่องว่างระหว่างวัย ทำให้ดาวประดับเริ่มเข้าสู่วัยต่อต้านและมีปากเสียงกับทั้งสองท่านดาวประดับตัดสินใจที่จะหนีออกจากบ้านหลังจากได้รู้ความจริงว่าแท้ที่จริงแล้วเธอไม่ใช่ลูกสาวแท้ๆของพ่อและแม่ที่เป็นผู้ดูแลและให้ความรักกับเธอมาตลอด ในการผจญภัยไปพบกับมารดาผู้ให้กำเนิดของดาวประดับ เธอมีอักษราเป็นเพื่อนร่วมทางและคอยให้กำลังใจ โดยมี ""ทรัพย์"" ที่เป็นนักสืบอิสระ ซึ่งครอบครัวของเธอนั้นได้ทำการว่าจ้างให้สืบหาติดตามและพาตัวเธอกลับได้คอยติดตามเฝ้าดูอยู่ห่างๆ",vEdbVqB2H0c,,,
วัยซนผจญภัย,"คลาสสิค, เด็ก, ครอบครัว, ผจญภัย",,"""วัยซนผจญภัย"" ใครรักเด็กต้องดูเรื่องนี้เลยค่ะ เพราะมีความน่ารัก ความแสบ ซน มาเต็มเปี่ยม 
",kLIj-ecK_ck,,,
วิ่งหน้าตั้งก็ยังรักเธอ,"คลาสสิค, คอมเมดี้, ลึกลับ, อาชญากรรม",,ของหนุ่มโบราณคดี ที่ได้พบกับวิญญาณของผีสาวที่อาศัยอยู่ในหม้อโบราณในบ้านเก่าหลังหนึ่ง แล้วเรื่องก็โยงจากความรักของหนุ่มสาวโดยมีวิญญาณของผีสาวคอยช่วยเหลือ และนำไปสู่การจับกุมกลุ่มคนร้ายที่ขุดวัตถุโบราณออกขาย,D-Z4lc7XWFQ,,,
ทอล์กโชว์ รักนี้มีฮา โรเบิร์ต สายควัน & แอนนา ชวนชื่น,คอมเมดี้,,ทอล์กโชว์ รักนี้มีฮา แอนนา ชวนชื่น & โรเบิร์ต ดอกมะดัน,Jv3U3R_c17k,,,
ตลกวงเล่า,คอมเมดี้,,,3dmSWGMeqz8,,,
เปรต ร.ศ. หกสิบเก้า,"สยองขวัญ, ลึกลับ, ประวัติศาสตร์",,,YYhhMNHFEus,,,
แค้นนางรำ,"สยองขวัญ, ระทึกขวัญ",,ผีนางรำ ที่มีความเฮี้ยนความหลอนในสถานที่ต่างๆมาไม่น้อย หนังเรื่องนี้จะนำเสนออีกหนึ่งตำนานที่อยู่คู่คนไทยมาช้านาน,81EOLYEE-7k,,,
Postcard โปสการ์ด,โรแมนติก,,“Postcard” หนังสั้นเรื่องราวของความรัก ระยะห่าง และการสื่อสารที่เกิดขึ้นระหว่างหนุ่มสาวคู่หนึ่ง โดยมีโปสการ์ดเป็นสื่อรักที่ส่งถึงกัน,6J-jnwE3gCM,,,
ผีถ้วยแก้ว,"สยองขวัญ, ลึกลับ",,สำหรับผู้ที่ชื่นชอบหรือเชื่อในเรื่องผี เรื่องลี้ลับที่มองไม่เห็นก็จะเสาะหาวิธีการต่างๆ ที่สามารถทำให้เห็นผีซึ่งหนึ่งในวิธีการท้าทายต่อสิ่งลี้ลับที่มองไม่เห็น คือ การเล่นผีถ้วยแก้,fpGudWl2cc8,,,
นรกในใจ,"โรแมนติก, ดราม่า",,นรกในใจ บางเรื่องราวมันยากที่จะอธิบาย..ต้องมารับชมกันด้วยตัวเองแล้วละเพราะความกลัวของแต่ละคนก็แตกต่างกันแ,epZJWDqlVAU,,,
Future is Now : คู่มือจีบสาวของผู้ชายวัย 30+,โรแมนติก,,“เค้าก็ไม่ได้น่ารักอะไร แต่ทำไมเราหยุดมองเค้าไม่ได้วะ” หากคุณมีอาการแบบนี้... หนังเรื่องนี้จะช่วยให้คุณสมหวัง,udklv1P04hI,,,
Tell your world / ตะโกนรักให้ก้องโลก,ดราม่า,,“โมเอมิ” หญิงสาววัย 19 ปีตัดสินใจทำเพลงร่วมกับชายหนุ่มนักดนตรีเปิดหมวกเพราะเธอต้องการเงินรางวัลจากการแข่งขัน การเข้ามาของเทรุทำให้โมเอมิเริ่มเข้าสู่โลกของเสียงดนตรีและเผชิญหน้ากับสิ่งที่เธอพยายามจะหนีมาโดยตลอดอย่างการร้องเพลงต่อหน้าผู้คน,arvzwC0Pspw,,,
เจ็ดวันฉันและเธอ - You and Me,โรแมนติก,,"""ฝ้าย"" เด็กสาวธรรมดาๆคนหนึ่งที่ชีวิตของเธอกำลังจะไม่เหมือนเดิมอีกต่อไป เมื่อเธอได้ยินคำบอกเล่าจากเพื่อนสนิทเกี่ยวกับ ""เกมส์"" ชายหนุ่มสุดป๊อปที่ใครๆต่างก็อยากเป็นแฟนด้วยทั้งๆที่รู้ว่าเมื่อครบ""หนึ่งอาทิตย์""ก็ต้องเลิกลากันไป เธอจึงสงสัยและคิดที่จะลองคบกับเขาดูสักครั้ง...",sZL9Vu1IDy8,,,
LOVE AT FIRST FLIGHT : ตกเครื่องจนตกหลุมรัก,โรแมนติก,,"เมื่อคนอกหักสองคน บังเอิญเจอกัน บังเอิญตกเครื่องเหมือนกัน และอาจจะบังเอิญ หรือไม่บังเอิญ รักกัน เชื่อมต่อความสัมพันธ์และความรู้สึกดีๆ ด้วย Samsung Galaxy Tab 10.1
",Qxhgw1O9fUY,,,
FOCUS แบบว่ารักเธอ,โรแมนติก,,"""FOCUS แบบว่ารักเธอ"" จากหนังรักเบลอๆ สู่ความรักแบบชัดๆ",xwFBpvU0vN8,,,
IS YOU,"วาย, โรแมนติก",,,nbylQTo2Pyw,,,
โป๊ยนะ,"โรแมนติก, วัยรุ่น",,"เรื่องราวความรักของสายรหัส ที่ถูกนำเสนอผ่าน ""โป๊ย"" เด็กนักเรียนม.4ที่พึ่งเข้ามาใหม่ ซึ่งจับคู่ได้พี่รหัสระดับดาวโรงเรียนมากความสามารถ ""เดียร์"" นักเรียนชั้นม.6... ความรักของทั้งคู่จะลงเอยกันอย่างไร ",e2nz8FqUCeU,,,
Keep It In My Box - ครั้งหนึ่งในความทรงจำ,"โรแมนติก, วัยรุ่น",,เคน (เล้ง ธนพล) ผู้ไม่ประสาเรื่องรักเกิดอยากจะจีบสาวฮอตอย่างพาย (แพร แพรเพชร) แต่การทำลายกำแพงหัวใจของใครสักคนก็ไม่ได้ง่ายอย่างที่คิด เคนได้ขอความช่วยเหลือจาก มิน (เบบี้ หทัยชนก) เพื่อนในห้องที่เขาไม่คุ้นเคย มินจะช่วยให้ความรักระหว่างเคนและพายสมหวังได้หรือไม่ แล้วจุดประสงค์ที่มินยอมช่วยเหลือเคนนั้นคืออะไรกันแน่?,aBkL4_KB0TE,,,
239 KM 239 กิโลเมตร,"ดราม่า, ผจญภัย",,พูดถึงเรื่องราวชีวิตของคนสองคน ต่างคนต่างมีเป้าหมายที่แตกต่างกัน ในช่วงวันหยุดเทศกาลปีใหม่ปีนี้ ทั้งสองคนหวังจะได้ทำในสิ่งที่ตัวเองตั้งใจจะทำก่อนสิ้นปีนี้ให้ได้ตามที่ตัวเองตั้งใจไว้ ทำให้สองคนนี้มาเจอกันและได้แบ่งปันเรื่องความสุข ความทุกข์ ในขณะที่กำลังเดินทางนั้งรถบัสไปด้วยกันตลอดเส้นทางนี้.,AXdK6ITiFQs,,,
ใช่หรือเปล่า,"โรแมนติก, วัยรุ่น",,,Nj-_SuG7jzQ,,,
Remember Me จำครั้งนี้...ไม่มีลืม,"โรแมนติก, วัยรุ่น",,,71fAYOEIIUg,,,
msn (Missing Now),"โรแมนติก, วัยรุ่น",,"ช่วงวันเวลาเก่าๆ สำหรับบางคนนั้นมีความหมาย เพราะคุณค่าของ ""ความรัก"" มักเกิดจาก ""ความรู้สึก"" 
",qiidn4AZdR4,,,
My night คืนนั้น 12 ชั่วโมง,"โรแมนติก, วัยรุ่น",,,vcSpOE03mlM,,,
นางแบบ,"ดราม่า, อาชญากรรม",,"""นางแบบ""เรื่องราวของสาวสุดฮอตที่ชีวิตกำลังไปได้สวยแต่เธอต้องมาตายอย่างปริศนา!!  ""มาย""แฝดผู้พี่ที่ต้องการสืบหาความจริงเกี่ยวกับการฆ่าตัวตายของ ""เมย์""น้องสาว!!เรื่องราวฆาตรกรรมหลอนๆ ที่อยากชวนคุณลุ้นไปด้วยกัน",apuqdwHjYLw,,,
กัดกระชากเกรียน,"แอ็คชั่น, ซอมบี้, ลึกลับ",,เรื่องราวเกิดขึ้นที่โรงพยาบาลแห่งหนึ่งซึ่งถูกรัฐบาลสั่งให้ปิดตายพร้อมให้ทหารกั้นบริเวณโดยรอบไว้ไม่ให้ใครเข้าหรือออกจากโรงพยาบาลแห่งนี้,dCvJLou9_6k,,,
ศพใต้เตียง,สยองขวัญ,,,_m6jTqqvs3U,,,
ห้องขังเฮี้ยน,สยองขวัญ,,ห้องขังเฮี้ยน ห้องธรรมดาเฮี้ยนก็ว่าหนักแล้ว นี่เป็นห้องขังสถานที่ที่เต็มไปด้วยคนทำผิดมันจะสาหัสขนาดไหน เรื่องนี้แอดว่ามันคล้ายๆข่าวดังที่มีการพาดหัวใหญ่โตอยู่ช่วงนึง,H2A636NiQjY,,,
คลองอาถรรพ์,สยองขวัญ,,คลองอาถรรพ์ หนังที่เล่าเรื่องความลี้ลับเกี่ยวกับตัวตายตัวแทน ท่านใดที่ชอบเรื่องราวอาถรรพ์ต้องพิสูจน์กันค่ะ ,343rN5YF5Jc,,,
ศรีธนญชัย,"คอมเมดี้, คลาสสิค",,ภาพยนตร์ไทย THAI FILM พ.ศ.2524,i54Aq8kkqi4,,,
อาสาชีวิต,ลึกลับ,," ""อาสาชีวิต"" เรื่องราวความผูกพันของคนในครอบครัวเป็นสายใยที่ตัดกันไม่ขาด แต่ก็มีเหตุมาจนได้",8tBa-ENDvOk,,,
ผีหวงลูก,สยองขวัญ,,"""ผีหวงลูก"" เรื่องราวของแม่ที่มีความห่วงใยต่อลูกแม้ว่าเธอจะตายจาก..ไปแล้วก็ตาม!!
",jmQg-D5-hEk,,,
ศพเด็ก,สยองขวัญ,,,A81yO9sNW2s,,,
ศาลเพียงตา,ลึกลับ,,ทุกครั้งที่เดินทางไปบริเวณโค้งอันตรายจะพบ กระท่อมจำลองหลังเล็ก ๆ ทำขึ้นจากไม้ มีพวงมาลัย และเครื่องเซ่นวางไว้ด้านหน้า บางที่แลดูน่าเกรงขามแต่บางที่เก่า ๆ ทำจากไม้แค่เป็นพิธี คนโบราณสิ่งนี้เรียกว่า ศาลเพียงตา,d-P8IDDWO0Y,,,
ฆ่ายกครัว,สยองขวัญ,,"งานหลอนก็มี..งานผีก็มา..ถ้าคุณได้ไปอยู่ในบ้านที่มีการฆาตรกรรม ที่เกิดขึ้นแบบ""ฆ่ายกครัว"" แอดนี้ขนลุกเลยคร้า..บรือออ..!!",UTrRrYlaV6Q,,,
หัวแก้วหัวแหวน,ดราม่า,,หัวแก้วหัวแหวน ค้นหาคำตอบกับเรื่องราวของความรัก ความห่วงหาอาทรของผู้หญิงคนนึง จนเกิดห่วงที่ผูกมัดกับวิญญาณดวงหนึ่งเอาไว้ คำตอบสุดท้ายคืออะไร..,bKkf9h4qKfs,,,
น้ำมันพราย,ลึกลับ,,เนตร กำพร้าพ่อและแม่ ตั้งแต่อายุ 14 ปี ทิ้งไว้แค่ เบิ้ม น้องชาย ในวันที่เหมือนฝันร้ายของเนตร เป็นวันที่เธอและครอบครัวกำลังนั่งเรือล่องแม่น้ำแม่กลอง แต่เรือที่นั่งมาถูกเรือขนส่งโดยสารขนาดใหญ่ชนเข้าอย่างจัง,nzA277XDde0,,,
บ่วง,ดราม่า,,,gVyPsWjwlJY,,,
ไอ้ทุย Ai Tui,"โรแมนติก, แอ็คชั่น, คลาสสิค",,ผลงานภาพยนตร์ 35 มม. เรื่องแรกของ ดอกดิน กัญญามาลย์ ที่ยังคงความเป็นเอกลักษณ์ในฐานะผู้สร้างหนังที่ต้องรสนิยมคนไทยมาตั้งแต่ยุคภาพยนตร์ 16 มม. เล่าเรื่องราวของ ทุย ลูกชายกำนันบ้านนา กับ คุณเพรียว เศรษฐีสาวผู้ให้ชาวบ้านอาศัยที่ดินทำมาหากิน วันหนึ่งชาวบ้านได้ข่าวว่า คุณเพรียวจะมาเยี่ยมหมู่บ้านจึงจัดงานต้อนรับ แต่ระหว่างงานเลี้ยงกลับมีคนร้ายบุกเข้ามาในหมู่บ้าน ทุยจึงเป็นผู้นำชาวบ้านในการต่อสู้คุ้มครองคุณเพรียว,CpYc4QAZzgo,,,
ยัยตัวแสบกับหนุ่มแกร็บไบค์,โรแมนติก,,เมื่อการวิ่งงาน (Grab Food) เพียงงานเดียว จะทำให้ชีวิตของเขาเปลี่ยนไปตลอดกาล...,KnwrgDgruNw,,,
4 ปี 3 เดือน 18 วัน,"วัยรุ่น, โรแมนติก",,,dtWc1fiFNcY,,,
Present Perfect หากว่าย้อนเวลากลับไปได้,"ดราม่า, โรแมนติก",,"""...เรื่องราวของหญิงสาวฮิปสเตอร์ขาปาร์ตี้ ที่ต้องมารับมือกับหลานสาวสุดซน ที่เธอไม่เคยเจอกันมาก่อน ในเวลาเดียวกันเธอยังต้องรับมือกับปมความรักในอดีต และ ความสัมพันธ์ที่อาจจะเกิดขึ้นในอนาคตจากหนุ่มข้างห้อง..."" ",vekNlWVqEnQ,,,
Forgive Me,"วัยรุ่น, โรแมนติก",,,aeeIKY5jMnk,,,
Glad to Meet U...คนที่คุณก็(ไม่)รู้ว่าใคร,"วัยรุ่น, โรแมนติก",,ข่าวร้าย!!! ปีนี้จะเป็นปีแรกที่เราจะไม่มี Freshy Night!!! จึงเป็นหน้าที่ของเหล่าศิลปินจริงๆ ที่จะมารับบทรุ่นพี่ว๊าก พี่เนียน พี่เทค และพี่หล่อ/สวย ร่วมกับเหล่าน้องใหม่ Freshy ที่จะต้องมารวมพลังกัน ช่วยกันหาวิธีจัดงาน Freshy นี้ขึ้นมาให้ได้ เพื่อความสนุกสนานของเหล่า Freshy ,_RNdE0rOl0I,,,
SAME ENDING,"โรแมนติก, ดราม่า",,""" SAME ENDING "" เล่าถึง ""ความจริงที่ไม่สามารถเลี่ยงได้ "" ในชีวิต ในแง่ของความรักที่มักคิดไปเองว่าผลที่จะตามมามันจะต้องเป็นแบบนี้ แต่ในเหตุการณ์จริงในชีวิตจริงเราไม่สามารถบังคับหรือทำอะไรกับมันได้ สุดท้ายไม่ว่า",uYC6Qr679gs,,,
Low Battery,"ดราม่า, ผจญภัย",,หนังเงียบ ที่พูดถึงเรื่องราวของคนๆหนึ่งที่ติดโทรศัพท์มากๆไม่ว่าจะทำอะไรก็ตาม เขาจะเป็นกังวลกลัวแบตหมดอยู่เสมอ,b50XUH4wcT8,,,
ขอให้รักดังชัดเจน - Clearly Love,"วัยรุ่น, โรแมนติก",,"หนึ่งในโปรเจค""หนังสั้นหลังเลิกเรียน"" ของชุมนุมคอมพิวเตอร์ [VFX SKN] โรงเรียนสวนกุหลาบวิทยาลัยนนทบุรี ที่ได้เปิดให้นักเรียนในโรงเรียนได้เข้าชมใน""งานสวนนนท์ปริทรรศน์ปีการศึกษา57"" ทำให้มีเสียงตอบรับอย่างมากมายทั้งด้านติชม และ ตามคำเรียกร้องของหลายๆคน เราก็ได้นำหนังสั้นเรื่องนี้ให้กลับมารับชมกันอีกครั้ง...
",AB7wjOF42Ow,,,
สาย สีมา นักสู้สามัญชน (ปีศาจ),ดราม่า,,ภาพยนตร์ที่ได้รับการขึ้นทะเบียนเป็นมรดกภาพยนตร์ของชาติ ประจำปี 2564 ที่สร้างจากนวนิยายเรื่อง ปีศาจ ของเสนีย์ เสาวพงศ์  โดยกลุ่มนักเขียนและนักหนังสือพิมพ์ นำโดย เจน จำรัสศิลป์ และ ขรรค์ชัย บุนปาน ในนาม พิฆเณศภาพยนตร์  ภาพยนตร์มีคุณค่าในฐานะมรดกจากความกล้าหาญของนักหนังสือพิมพ์ไทยกลุ่มหนึ่งที่ลุกขึ้นมาสร้างภาพยนตร์อันเต็มไปด้วยอุดมคติอันแรงกล้า ในขณะเดียวกันยังเป็นตัวแทนในโลกภาพยนตร์เพียงหนึ่งเดียวของวรรณกรรมอมตะที่ทรงอิทธิพลต่อบรรดานักคิดนักเขียนไทย และสิงสถิตอยู่ในความคิดอ่านของหนุ่มสาวผผู้รักความเป็นธรรมมาทุกยุค รวมทั้งแฝงไปด้วยบรรยากาศและจิตวิญญาณแห่งการเป็น “ปีศาจของกาลเวลา” ไม่ต่างไปจากบทประพันธ์,Hd3XWB3kOwU,,,
BAND NEXT DOOR,"วัยรุ่น, ดราม่า",,"ภาพยนตร์สั้นในโครงการโตไปไม่โกง โดย ณฐพล บุญประกอบ
",igE9DKou7OM,,,
ทรชนคนสวย Operation Revenge,"แอ็คชั่น, สายลับ, คลาสสิค",,"""ทรชนคนสวย"" หนังแอ็คชั่นแนวสายลับฟอร์มยักษ์ ปี 2510 ของละโว้ภาพยนตร์  ที่นำ มิตร ชัยบัญชา มาประกบคู่กับ มิส จิ้นหลู ดาราสาวชาวไต้หวัน และเต็มไปด้วยฉากยิ่งใหญ่ กับอุปกรณ์ล้ำหน้ามากมาย  ฉายในฉบับรีมาสเตอร์ใหม่ จากฟิล์มในการอนุรักษ์ของหอภาพยนตร์",xMfU6-gMoZQ,,,
สวรรค์มืด Dark Heaven,"ดราม่า, มิวสิคัล, คลาสสิค",,"สวรรค์มืด (2501) ภาพยนตร์แนวชีวิตประกอบเพลง เล่าเรื่องราวของ เนียร (สืบเนื่อง กันภัย) เด็กสาวกำพร้าผู้ยากไร้ที่กำลังหลบหนีหลังจากที่เธอไปขโมยอาหารที่เศรษฐีซื้อมาเลี้ยงสุนัข คนเก็บขยะผู้ชื่นชอบการร้องเพลง ชู (สุเทพ วงศ์กำแหง) ช่วยเหลือเธอให้รอดจากเงื้อมมือของเศรษฐีและตำรวจ ชูพาเนียรกลับมาที่บ้านซอมซ่อของเขาและให้เธอใช้เป็นที่พักพิง พวกเขาตกหลุมรักแต่ก็ต้องพลัดพรากจากกันเมื่อชูถูกเกณฑ์ทหารและถูกส่งตัวไปรบ
",upr49vrlOiU,,,
ทะเลรัก,"ดราม่า, คลาสสิค",,ภาพยนตร์แนวชีวิต ผลงานการกำกับของ ขุนวิจิตรมาตรา หรือ สง่า กาญจนาคพันธุ์ นักคิดนักเขียน และผู้กำกับภาพยนตร์ไทยที่สำคัญที่สุดคนหนึ่งในยุคก่อนสงครามโลกครั้งที่ 2 ซึ่งได้นำบทประพันธ์ที่ตนเคยแต่งไว้ในปี 2469 มาดัดแปลง รวมทั้งเป็นผลงานการแสดงภาพยนตร์เรื่องแรกและเรื่องเดียวของพิชัย วาศนาส่ง นักจัดรายการและพิธีกรโทรทัศน์ยุคบุกเบิกคนหนึ่งของประเทศไทย ถ่ายภาพยนตร์โดย ประสาท สุขุม ช่างถ่ายภาพยนตร์ไทยเพียงคนเดียวที่เป็นสมาชิกของ American Society of Cinematographer,YRRVTg3sBGE,,,
ปักธงไชย,"สงคราม, ประวัติศาสตร์",,ภาพยนตร์สงครามย้อนยุคปลุกกระแสรักชาติ  สร้างโดย ละโว้ภาพยนตร์ ในระบบฟิล์ม 35 มม. ออกฉายครั้งแรกวันที่ 28 ธันวาคม พ.ศ. 2500 เล่าย้อนไปถึงปี 2428 ในรัชสมัยของพระบาทสมเด็จพระจุลจอมเกล้าเจ้าอยู่หัว รัชกาลที่ 5 เมื่อชาวจีนฮ่อหมู่หนึ่งก่อการกบฏต่อแผ่นดินไทย ล้อมค่ายของกองทัพไทยไว้ทัพหนึ่ง ทางการจึงต้องตั้งปฏิบัติการลับเพื่อส่งตัวร้อยตรีเต็ม นายทหารหนุ่มมากฝีมือกับจ่าโทน นายทหารอาวุโสของกองทัพและกำลังทหารผู้รักชาติยี่สิบสี่นายไปทำหน้าที่ในการจัดส่งยาและกระสุนปืนใหญ่ พร้อมด้วยความตั้งใจที่พวกเขาจะต่อสู้และนำธงชาติไปปักแสดงอธิปไตยไว้ที่ชายแดน แม้รู้ว่าภารกิจในครั้งนี้อาจจะทำให้พวกเขาไม่ได้กลับมา,9gxziIIlIU0,,,
เศรษฐีอนาถา,ดราม่า,,ภาพยนตร์ไทยซึ่งตัวเองเป็นหลักหมายในประวัติศาสตร์ เพราะเป็นภาพยนตร์ไทยที่ได้รับรางวัลภาพยนตร์ยอดเยี่ยม จากการประกวดภาพยนตร์ระดับชาติครั้งแรกของประเทศไทย คือ การประกวดภาพยนตร์รางวัลตุ๊กตาทอง ซึ่งจัดโดยสมาคมหอการค้ากรุงเทพ เมื่อ พ.ศ. 2500 กล่าวได้ว่า เป็นภาพยนตร์ที่ได้รับการตัดสินว่าเป็นภาพยนตร์ไทยที่ดีที่สุดครั้งแรกในประวัติศาสตร์ภาพยนตร์ไทย และเป็นภาพยนตร์ที่ดีที่สุดประจำปี พ.ศ. 2500 นอกจากนั้นยังได้รางวัลตุ๊กตาทองสำหรับผู้แสดงประกอบชายยอดเยี่ยม คือ เจิม ปั้นอำไพ ภาพยนตร์สร้างโดย เอส. อาร์ ฟิล์ม ซึ่งหมายถึง นายสุริยน ไรวา นักการค้าและนักอุตสาหกรรม คนสำคัญที่สุดคนหนึ่งในยุคสมัยนั้น ซึ่งมิได้เป็นนักสร้างภาพยนตร์อาชีพ แต่ผู้สร้างภาพยนตร์ตัวจริง ขาดแคลนทุน จึงขอการสนับสนุนจาก นายสุริยน ไรวา เศรษฐีอนาถา สร้างจากนิยายเรื่องเดียวกัน ของ สันต์ เทวรักษ์ ซึ่งตีพิมพ์เป็นเล่มจำหน่ายเมื่อปี พ.ศ. 2498 และทำเป็นภาพยนตร์ออกฉายในปี พ.ศ. 2499 กำกับการแสดงโดย วสันต์ สุนทรปักษิน นักแสดงละครเวที ซึ่งก้าวขึ้นมาเป็นนักแสดงและกำกับภาพยนตร์ (ซึ่งการประกวดภาพยนตร์รางวัลตุ๊กตาทองครั้งแรกนี้ วสันต์ สุทรปักษินได้รับรางวัลกำกับการแสดงยอดเยี่ยมจากเรื่อง ทางเปลี่ยว),TZIUiWrnmvE,,,
สันติ-วีณา Santi-Vina,"โรแมนติก, ก้าวข้ามวัย, คลาสสิค",,ภาพยนตร์ไทยเรื่องแรกที่ได้รับรางวัลระดับนานาชาติ จากงานประกวดภาพยนตร์นานาชาติแห่งเอเชียอาคเนย์ ครั้งที่ ๑ ที่ประเทศญี่ปุ่น เมื่อปี พ.ศ. ๒๔๙๗ ประกอบด้วย ถ่ายภาพยอดเยี่ยม (รัตน์ เปสตันยี) กำกับศิลป์ยอดเยี่ยม (อุไร ศิริสมบัติ) และรางวัลพิเศษในฐานะที่เป็นภาพยนตร์ที่แสดงวัฒนธรรมของเอเชียให้ชาวตะวันตกเข้าใจได้เป็นอย่างดี เล่าเรื่องราวของ สันติ เด็กชายตาบอดผู้ถูกพ่อส่งไปให้เรียนรู้พระธรรมและอาศัยอยู่กับหลวงตาภายในถ้ำ โดยมี วีณา เด็กหญิงวัยไล่เลี่ยกันคอยดูแลปกป้องเขาจาก ไกร ผู้หาเรื่องแกล้งสันติอยู่เสมอ เมื่อพวกเขาโตขึ้น สันติและวีณาได้กลายเป็นคู่รัก ท่ามกลางความอิจฉาริษยาของไกร วันหนึ่ง ไกรได้ให้พ่อแม่ของเขาไปสู่ขอวีณาถึงบ้าน วีณาจึงตัดสินใจหลบหนีไปพร้อมสันติด้วยความหวังว่าจะได้ไปใช้ชีวิตครองรักด้วยกัน,VsDCxfSDgds,,,
โรงแรมนรก Country Hotel,"ลึกลับ, คลาสสิค",,“โรงแรมนรก” เล่าเรื่องเหตุการณ์หนึ่งวันหนึ่งคืนในโรงแรมในชนบทชื่อ “โรงแรมสวรรค์” เมื่อชายหนุ่มชื่อ ชนะ (ชนะ ศรีอุบล) เช็คอินเข้าพักและพบว่าโรงแรมแห่งนี้เต็มไปด้วยผู้คนมากหน้าหลายตา ที่มีบุคลิกทั้งตลกขบขัน เอะอะมะเทิ่ง ยียวนกวนโมโห จนกระทั่งหญิงสาวคนหนึ่งเดินทางมาถึงและแนะนำตัวเองว่าชื่อ เรียม (ศรินทิพย์ ศิริวรรณ) นำพามาสู่เรื่องราวลึกลับ ตึงเครียด และคาดเดาไม่ได้ ,DhmDwTffuQY,,,
สมิงบ้านไร่,"ดราม่า, อาชญากรรม, คลาสสิค",,"ภาพยนตร์เมื่อปี 2507 กำกับโดย ""พันคำ"" พร้อมสิน สีบุญเรือง ถ่ายภาพโดย ""ประเทือง ศรีสุพรรณ"" ตากล้องถ่ายหนังหญิงคนแรกของไทย มิตร ชัยบัญชา รับบทเป็นชายหนุ่มผู้ลุกขึ้นมาท้าทายกับผู้มีอิทธิพลในตำบลบ้านไร่ และประกบคู่กับนางเอกคู่ขวัญ ""เพชรา เชาวราษฎร์"" สมทบด้วยดาราชื่อดังอีกคับคั่ง เช่น ""อดุลย์ ดุลยรัตน์"" ""ประจวบ ฤกษ์ยามดี"" ฯลฯ",wggKeTXbdz0,,,
เหตุมหัศจรรย์ Amazing Incidents,"แอนิเมชั่น, คลาสสิค",,"ภาพยนตร์การ์ตูนไทยเรื่องแรก โดย ปยุต เงากระจ่าง ภาพยนตร์เรื่อง ""เหตุมหัศจรรย์"" เป็นหนังการ์ตูนหรือแอนิเมชั่นเรื่องแรก ของประเทศไทย ที่ทำสำเร็จโดย ปยุต เงากระจ่าง และออกฉายสู่สาธารณะ เฉพาะกิจครั้งแรก ที่โรงภาพยนตร์ศาลาเฉลิมไทย เมื่อ ๕ กรกฎาคม ๒๔๙๘ ใช้วิธีพากย์และทำเสียงประกอบสดขณะฉายในโรง เป็นบันทึกการสานฝันและ ความฝันของจินตนการไทย เป็นความทรงจำแห่งยุคสมัยเป็นจิตวิญญานแห่ง แรงบันดาลใจ ฉันทะและวิริยะในประวัติศาสตร์ภาพยนตร์ของชาติ",GhbpyfesrhQ,,,
หนุมานเผชิญภัยครั้งใหม่ The New Adventures of Hanuman,"แอนิเมชั่น, คลาสสิค",,ผลงานของ ปยุต เงากระจ่าง ผู้บุกเบิกงานภาพยนตร์การ์ตูนในไทย ซึ่งเขาเคยกล่าวว่าเป็นภาพยนตร์การ์ตูนชุดแรกของตนที่ทำได้ตามมาตรฐานสากล เนื่องจากได้รับการสนับสนุนทั้งทางการเงินและเทคโนโลยีจากสำนักข่าวสารอเมริกัน กรุงเทพฯ และไปผลิตที่ญี่ปุ่น อันสืบเนื่องจากการที่เขาสร้าง “เหตุมหัศจรรย์” ภาพยนตร์การ์ตูนเรื่องแรกของไทยได้สำเร็จ เมื่อ พ.ศ. 2498 และสำนักข่าวสารอเมริกันเห็นผลงานและความตั้งใจของปยุตจึงส่งเสริมให้ทำงานนี้ หนุมานเผชิญภัยครั้งใหม่ เป็นการ์ตูนต่อต้านคอมมิวนิสต์ โดยปยุตได้นำตัวละครหลักในรามเกียรติ์ มาแบ่งเป็น 2 ค่ายตามโลกในยุคสงครามเย็น คือ หนุมาน เป็นตัวแทนค่ายเสรีประชาธิปไตย ซึ่งเต็มไปด้วยความสุขและแสนยานุภาพทางอาวุธ ในขณะที่ ทศกัณฐ์ เป็นผู้นำลัทธิคอมมิวนิสต์ ที่มอมเมาและกวาดต้อนประชากรลิงให้ทำงานหนักเพื่อความสุขสบายของเหล่ายักษ์ ปยุต เงากระจ่าง เคยให้ข้อมูลว่า ภาพยนตร์สร้างเมื่อ พ.ศ. 2500 ใช้เวลาทำ 9 เดือน แต่ด้วยเหตุผลทางการเมืองในยุคการปกครองของจอมพลสฤษดิ์ ธนะรัชต์ ซึ่งเกิดปีวอกและมีตราประจำตัวเป็นหนุมาน ทำให้ภาพยนตร์เรื่องนี้ถูกสั่งห้ามฉาย ก่อนจะได้รับการเผยแพร่ในช่วงปี พ.ศ. 2503 อย่างไรก็ตาม แม้จะยังไม่ทราบปีที่ออกฉายอย่างแน่ชัด แต่ปัจจุบันยังพบว่ามีผู้ชมชาวไทยในอดีตจำนวนหนึ่งที่จดจำภาพยนตร์การ์ตูนเรื่องนี้ได้เป็นอย่างดี อันเป็นผลมาจากการฉายเผยแพร่ของสำนักข่าวสารอเมริกันตามพื้นที่ชนบท #USIA อ่านเพิ่มเติม https://unwritten-record.blogs.archiv...,Z8x5wL3GIXw,,,
คนข้างบ้าน,สยองขวัญ,,ทุกเรื่อง มีความจริง...ทุกความจริง มีวิญญาณ,0s6FmYwiw6s,,,
สะกดวิญญาณ,สยองขวัญ,,"ถึงจะตายเธอก็ไม่สามารถไปไหนได้ ""สะกดวิญญาณ""",TQc5qAy53Qo,,,
สัญญารักจนวันตาย,สยองขวัญ,,สัญญารักจนวันตาย  เรื่องของคำสัญญาแอดอยากบอกนะคะว่ามันสำคัญมาก ไม่ใช่เรื่องเล่นๆ ยิ่งหากว่าคำสัญญานั้นเกี่ยวพันถึงความตายด้วยแล้วละก็..มีเสียว,cywKDahwsGU,,,
วังสราญจิต,ลึกลับ,,วังสราญจิต ความลี้ลับที่ซ่อนตัวอยู่ภายในเรือนโบราณแห่งหนึ่ง แอดไม่ค่อยแปลกใจกับคำว่า...ไม่มีคำว่าบังเอิญ อะไรหลายๆอย่างที่เกิดชึ้นคือสิ่งที่มีการกำหนดหรือลิขิตเอาไว้แล้ว,pZZNSs4kC7U,,,
คนเล่นของ,สยองขวัญ,,,sEbNw3a8j9w,,,
กองพันจงอางศึก,"ประวัติศาสตร์, คลาสสิค",,ภาพยนตร์ของกองทัพไทย เพื่อเผยแพร่เรื่องการที่ประเทศไทยส่งทหารไปรบกับคอมมิวนิสต์เวียดนามเหนือในประเทศเวียดนามใต้ โดยไทยได้จัดตั้งกรมทหารอาสาสมัคร เป็นหน่วยเฉพาะกิจขึ้น เพื่อรับสมัครชายไทย ไปร่วมรบในสงครามเวียดนาม เมื่อ ปี 2510 มีชื่อเรียกหน่วยว่า จงอางศึก (Queen Cobra) ภาพยนตร์บันทึกเหตุการณ์ตั้งแต่การรับสมัคร จนถึงพิธีส่งตัวไปยังประเทศเวียดนามใต้ พร้อมกับบันทึกเหตุการณ์ที่ จอมพลถนอม กิตติขจร นายกรัฐมนตรีและผู้บัญชาการทหารสูงสุดได้เดินทางไปเยือนเวียดนามใต้ 3 วัน ได้รับการต้อนรับจากรองประธานาธิบดี เหงียน เกากี ได้เดินทางไปยังที่ตั้งของกองทหารไทย แสดงผลงานทหารได้ประสพชัยชนะ สามารถฆ่าศัตรูจำนวนมากและยึดอาวุธและธงของศัตรูได้ จึงมีพิธีมอบเหรียญกล้าหาญแด่ทหารไทยโดยกองทัพสหรัฐ,yIGy6LMAVHg,,,
คุณนายโฮ,"โรแมนติก, คอมเมดี้",,คุณนายโฮ (ชมพู่ อารยา เอ ฮาร์เก็ต) ผู้มีเอกลักษณ์เฉพาะตัวคือการตัดผมหน้าม้าเต่อ และที่พิเศษจนน่ารำคาญคือ สามารถร้องไห้ได้ง่ายมาก ๆ คุณนายโฮมีกลุ่มเพื่อนสาว และ ด็อก (ธีรเดช เมธาวรายุทธ) เพื่อนตั้งแต่สมัยเด็กที่ปัจจุบันเป็นหมอ คอยรับฟังและคอยปลอบใจในทุก ๆ เรื่อง แต่แล้วจุดหักเหของชีวิตคุณนายโฮก็เกิดขึ้น เมื่อคุณนายโฮต้องตรวจสุขภาพเพื่อนำใบรับรองไปประกอบการเดินทางไปต่างประเทศ และได้พบความจริงว่าเธอเป็นโรคมดลูกเก่า! และอาจหมดอายุได้ทุกเมื่อ ทำหเธอต้องรีบแต่งงานและมีลูกก่อนที่มดลูกจะหมดอายุ แต่เธอก็ไม่มั่นใจว่า บอย แฟนหนุ่มชาวร็อคแห่งร้านบีบีกัน (เรย์ แมคโดนัลด์) จะใช่คนที่เธอรักจนพร้อมจะมีลูกกับเขาจริงๆ หรือไม่! หรือใจของเธอกำลังรอใครบางคนอยู่กันแน่!!,X3ySZIRmAuI,,,
แม่ศรีไพร,ดราม่า,,ก้อนทอง(เพชรา)แต่งงานกับประจัน(สะอาด) และในคืนวันแต่งงาน อินทร(นาท)ได้ฉุดก้อนทองไป เพราะในอดีต ประจันซึ่งเคยเป็นนายอำเภอ ได้สร้างความเจ้บช้ำน้ำใจให้เกับอินทรมาก่อน แค้นครั้งนั้นจึงมาลงที่ก้อนทอง อะไรจะเกิดขึ้นเมื่อประจันตามล่าเพื่อแก้แค้น โปรดชม,O9iTinoLgA4,,,
หนังผี,สยองขวัญ,,เรื่องราวความสยองขวัญที่เกิดขึ้นกลางกองถ่ายหนัง บทสรุปสุดท้ายจะเป็นอย่างไร,c71hV55F4iI,,,
เจ้ากรรมนายเวร,สยองขวัญ,,เจ้ากรรมนายเวร อีกหนึ่งความเชื่อของคนไทยเรา ที่มีกันมายาวนาน วันนี้แอดนำเสนอคุณในรูปแบบของหนังแนวเขย่าขวัญให้ได้รับชมกัน,uKG_bz-5T1M,,,
ฝังทั้งเป็น,สยองขวัญ,,,ps5FrKDzwp8,,,
เสาตกน้ำมัน,"ลึกลับ, สยองขวัญ",,เสาตกน้ำมัน หนังสยองๆชวนนอนไม่หลับ,4Vw-RbiSz5s,,,
ฝังทั้งเป็น,"ลึกลับ, สยองขวัญ",,,ps5FrKDzwp8,,,
รัก ลวง หลอน,"ลึกลับ, สยองขวัญ",,ในคืนแต่งงาน จุดเริ่มต้นชีวิตคู่ของ กานต์ (พิชญะ นิธิไพศาลกุล) กับ อ้อม (สุชาร์ มานะยิง) ที่หวังจะสร้างครอบครัวเล็ก ๆ ในแบบของตนเอง กลับกลายเป็นจุดเริ่มต้นของเรื่องราวสยองขวัญ เมื่อ อ้อม พบศพของ สิตา (มาลินี โคทส์) พี่สะใภ้ของกานต์ผูกคอตายในบ้าน,-lZGUWczkBE,,,
งูเจ้าที่,สยองขวัญ,,,Gx3JAkarnCY,,,